,Reason_1,Reason_2,Reason_3,Reason_4,Month of absence,Day of the week,Seasons,Transportation expense,Distance from Residence to Work,Service time,Age,Work load Average/day ,Hit target,Disciplinary failure,Education,Son,Social drinker,Social smoker,Pet,Weight,Height,Body mass index,Absenteeism time in hours
0,0,0,0,1,7,3,1,289,36,13,33,239.554,97,0,0,2,1,0,1,90,172,30,4
1,0,0,0,0,7,3,1,118,13,18,50,239.554,97,1,0,1,1,0,0,98,178,31,0
2,0,0,0,1,7,4,1,179,51,18,38,239.554,97,0,0,0,1,0,0,89,170,31,2
3,1,0,0,0,7,5,1,279,5,14,39,239.554,97,0,0,2,1,1,0,68,168,24,4
4,0,0,0,1,7,5,1,289,36,13,33,239.554,97,0,0,2,1,0,1,90,172,30,2
5,0,0,0,1,7,6,1,179,51,18,38,239.554,97,0,0,0,1,0,0,89,170,31,2
6,0,0,0,1,7,6,1,361,52,3,28,239.554,97,0,0,1,1,0,4,80,172,27,8
7,0,0,0,1,7,6,1,260,50,11,36,239.554,97,0,0,4,1,0,0,65,168,23,4
8,0,1,1,0,7,2,1,155,12,14,34,239.554,97,0,0,2,1,0,0,95,196,25,40
9,0,0,0,1,7,2,1,235,11,14,37,239.554,97,0,1,1,0,0,1,88,172,29,8
10,1,0,0,0,7,2,1,260,50,11,36,239.554,97,0,0,4,1,0,0,65,168,23,8
11,1,0,0,0,7,3,1,260,50,11,36,239.554,97,0,0,4,1,0,0,65,168,23,8
12,1,0,0,0,7,4,1,260,50,11,36,239.554,97,0,0,4,1,0,0,65,168,23,8
13,1,0,0,0,7,4,1,179,51,18,38,239.554,97,0,0,0,1,0,0,89,170,31,1
14,0,0,0,1,7,4,1,179,51,18,38,239.554,97,0,0,0,1,0,0,89,170,31,4
15,1,0,0,0,7,6,1,246,25,16,41,239.554,97,0,0,0,1,0,0,67,170,23,8
16,0,0,0,1,7,6,1,179,51,18,38,239.554,97,0,0,0,1,0,0,89,170,31,2
17,0,1,1,0,7,2,1,179,51,18,38,239.554,97,0,0,0,1,0,0,89,170,31,8
18,1,0,0,0,7,5,1,189,29,13,33,239.554,97,0,0,2,0,0,2,69,167,25,8
19,0,0,0,1,8,4,1,248,25,14,47,205.917,92,0,0,2,0,0,1,86,165,32,2
20,1,0,0,0,8,4,1,330,16,4,28,205.917,92,0,1,0,0,0,0,84,182,25,8
21,1,0,0,0,8,2,1,179,51,18,38,205.917,92,0,0,0,1,0,0,89,170,31,1
22,1,0,0,0,8,2,1,361,52,3,28,205.917,92,0,0,1,1,0,4,80,172,27,40
23,0,0,0,1,8,6,1,260,50,11,36,205.917,92,0,0,4,1,0,0,65,168,23,4
24,0,1,1,0,8,2,1,289,36,13,33,205.917,92,0,0,2,1,0,1,90,172,30,8
25,0,0,0,1,8,2,1,361,52,3,28,205.917,92,0,0,1,1,0,4,80,172,27,7
26,0,0,0,1,8,3,1,289,36,13,33,205.917,92,0,0,2,1,0,1,90,172,30,1
27,0,0,0,1,8,4,1,157,27,6,29,205.917,92,0,0,0,1,1,0,75,185,22,4
28,0,1,1,0,8,4,1,289,36,13,33,205.917,92,0,0,2,1,0,1,90,172,30,8
29,0,0,0,1,8,6,1,179,51,18,38,205.917,92,0,0,0,1,0,0,89,170,31,2
30,0,1,1,0,8,2,1,179,51,18,38,205.917,92,0,0,0,1,0,0,89,170,31,8
31,0,1,1,0,8,5,1,235,29,12,48,205.917,92,0,0,1,0,1,5,88,163,33,8
32,0,0,0,1,8,5,1,235,11,14,37,205.917,92,0,1,1,0,0,1,88,172,29,4
33,0,1,1,0,8,2,1,235,29,12,48,205.917,92,0,0,1,0,1,5,88,163,33,8
34,0,0,0,1,8,2,1,179,51,18,38,205.917,92,0,0,0,1,0,0,89,170,31,2
35,0,0,0,1,8,2,1,361,52,3,28,205.917,92,0,0,1,1,0,4,80,172,27,1
36,0,0,0,1,8,3,1,289,36,13,33,205.917,92,0,0,2,1,0,1,90,172,30,8
37,1,0,0,0,8,5,1,291,50,12,32,205.917,92,0,0,0,1,0,0,65,169,23,4
38,0,0,0,1,8,6,1,235,29,12,48,205.917,92,0,0,1,0,1,5,88,163,33,8
39,0,0,0,1,8,6,1,260,50,11,36,205.917,92,0,0,4,1,0,0,65,168,23,4
40,0,0,0,1,9,3,1,184,42,7,27,241.476,92,0,0,0,0,0,0,58,167,21,2
41,0,0,0,1,9,2,1,118,10,10,37,241.476,92,0,0,0,0,0,0,83,172,28,4
42,0,0,0,1,9,3,1,179,51,18,38,241.476,92,0,0,0,1,0,0,89,170,31,4
43,0,1,1,0,9,3,1,235,20,13,43,241.476,92,0,0,1,1,0,0,106,167,38,8
44,0,0,0,1,9,4,1,155,12,14,34,241.476,92,0,0,2,1,0,0,95,196,25,2
45,0,0,0,1,9,2,1,118,10,10,37,241.476,92,0,0,0,0,0,0,83,172,28,3
46,0,0,0,1,9,3,1,179,51,18,38,241.476,92,0,0,0,1,0,0,89,170,31,3
47,0,0,0,1,9,5,1,291,31,12,40,241.476,92,0,0,1,1,0,1,73,171,25,4
48,0,0,0,1,9,6,1,260,50,11,36,241.476,92,0,0,4,1,0,0,65,168,23,8
49,1,0,0,0,9,2,4,291,31,12,40,241.476,92,0,0,1,1,0,1,73,171,25,32
50,0,0,0,0,9,2,4,260,50,11,36,241.476,92,1,0,4,1,0,0,65,168,23,0
51,0,0,0,0,9,2,4,225,26,9,28,241.476,92,1,0,1,0,0,2,69,169,24,0
52,0,0,0,1,9,3,4,225,26,9,28,241.476,92,0,0,1,0,0,2,69,169,24,2
53,0,0,0,1,9,3,4,118,10,10,37,241.476,92,0,0,0,0,0,0,83,172,28,2
54,0,0,0,0,9,3,4,289,36,13,33,241.476,92,1,0,2,1,0,1,90,172,30,0
55,0,0,0,0,9,3,4,118,13,18,50,241.476,92,1,0,1,1,0,0,98,178,31,0
56,0,1,1,0,9,4,4,225,26,9,28,241.476,92,0,0,1,0,0,2,69,169,24,3
57,0,0,0,1,9,4,4,179,51,18,38,241.476,92,0,0,0,1,0,0,89,170,31,3
58,0,0,0,0,9,4,4,369,17,12,31,241.476,92,1,0,3,1,0,0,70,169,25,0
59,0,0,0,1,9,6,4,248,25,14,47,241.476,92,0,0,2,0,0,1,86,165,32,1
60,0,0,0,1,9,6,4,179,51,18,38,241.476,92,0,0,0,1,0,0,89,170,31,3
61,0,0,0,1,9,6,4,260,50,11,36,241.476,92,0,0,4,1,0,0,65,168,23,4
62,0,0,0,1,10,3,4,179,51,18,38,253.465,93,0,0,0,1,0,0,89,170,31,3
63,0,0,0,1,10,3,4,118,10,10,37,253.465,93,0,0,0,0,0,0,83,172,28,3
64,0,0,0,0,10,4,4,118,13,18,50,253.465,93,1,0,1,1,0,0,98,178,31,0
65,0,0,0,1,10,5,4,179,26,9,30,253.465,93,0,1,0,0,0,0,56,171,19,1
66,0,0,0,1,10,6,4,179,51,18,38,253.465,93,0,0,0,1,0,0,89,170,31,3
67,0,0,0,1,10,6,4,225,26,9,28,253.465,93,0,0,1,0,0,2,69,169,24,3
68,0,0,0,1,10,3,4,118,10,10,37,253.465,93,0,0,0,0,0,0,83,172,28,3
69,0,0,0,1,10,4,4,225,26,9,28,253.465,93,0,0,1,0,0,2,69,169,24,2
70,0,0,0,1,10,4,4,248,25,14,47,253.465,93,0,0,2,0,0,1,86,165,32,2
71,0,0,0,1,10,5,4,291,31,12,40,253.465,93,0,0,1,1,0,1,73,171,25,5
72,0,0,0,1,10,4,4,179,51,18,38,253.465,93,0,0,0,1,0,0,89,170,31,8
73,0,0,0,1,10,4,4,225,26,9,28,253.465,93,0,0,1,0,0,2,69,169,24,3
74,0,1,1,0,10,5,4,260,50,11,36,253.465,93,0,0,4,1,0,0,65,168,23,16
75,1,0,0,0,10,3,4,291,31,12,40,253.465,93,0,0,1,1,0,1,73,171,25,8
76,0,0,0,1,10,3,4,225,26,9,28,253.465,93,0,0,1,0,0,2,69,169,24,2
77,0,0,0,1,10,4,4,289,36,13,33,253.465,93,0,0,2,1,0,1,90,172,30,8
78,0,0,0,1,10,6,4,361,52,3,28,253.465,93,0,0,1,1,0,4,80,172,27,1
79,0,0,0,1,10,6,4,260,50,11,36,253.465,93,0,0,4,1,0,0,65,168,23,3
80,0,0,0,1,11,5,4,179,51,18,38,306.345,93,0,0,0,1,0,0,89,170,31,1
81,0,0,0,1,11,4,4,225,26,9,28,306.345,93,0,0,1,0,0,2,69,169,24,1
82,1,0,0,0,11,5,4,179,51,18,38,306.345,93,0,0,0,1,0,0,89,170,31,8
83,0,1,1,0,11,5,4,179,22,17,40,306.345,93,0,1,2,0,1,0,63,170,22,8
84,0,0,0,1,11,5,4,291,31,12,40,306.345,93,0,0,1,1,0,1,73,171,25,5
85,1,0,0,0,11,2,4,155,12,14,34,306.345,93,0,0,2,1,0,0,95,196,25,32
86,0,0,0,1,11,2,4,189,29,13,33,306.345,93,0,0,2,0,0,2,69,167,25,8
87,1,0,0,0,11,2,4,291,31,12,40,306.345,93,0,0,1,1,0,1,73,171,25,40
88,0,0,0,1,11,4,4,225,26,9,28,306.345,93,0,0,1,0,0,2,69,169,24,1
89,1,0,0,0,11,6,4,155,12,14,34,306.345,93,0,0,2,1,0,0,95,196,25,8
90,0,0,0,1,11,4,4,225,26,9,28,306.345,93,0,0,1,0,0,2,69,169,24,3
91,0,1,1,0,11,4,4,179,22,17,40,306.345,93,0,1,2,0,1,0,63,170,22,8
92,1,0,0,0,11,6,4,225,26,9,28,306.345,93,0,0,1,0,0,2,69,169,24,3
93,0,0,0,1,11,6,4,260,50,11,36,306.345,93,0,0,4,1,0,0,65,168,23,4
94,0,0,0,1,11,2,4,248,25,14,47,306.345,93,0,0,2,0,0,1,86,165,32,1
95,0,0,0,1,11,3,4,225,26,9,28,306.345,93,0,0,1,0,0,2,69,169,24,3
96,1,0,0,0,11,4,4,289,36,13,33,306.345,93,0,0,2,1,0,1,90,172,30,24
97,0,0,0,1,11,5,4,291,31,12,40,306.345,93,0,0,1,1,0,1,73,171,25,3
98,0,0,0,1,12,3,4,248,25,14,47,261.306,97,0,0,2,0,0,1,86,165,32,1
99,0,1,1,0,12,3,4,118,10,10,37,261.306,97,0,0,0,0,0,0,83,172,28,64
100,0,0,0,1,12,4,4,118,13,18,50,261.306,97,0,0,1,1,0,0,98,178,31,2
101,0,0,0,1,12,4,4,235,11,14,37,261.306,97,0,1,1,0,0,1,88,172,29,8
102,0,0,0,1,12,5,4,225,26,9,28,261.306,97,0,0,1,0,0,2,69,169,24,2
103,0,0,0,1,12,6,4,260,50,11,36,261.306,97,0,0,4,1,0,0,65,168,23,8
104,0,1,1,0,12,3,4,118,10,10,37,261.306,97,0,0,0,0,0,0,83,172,28,56
105,0,0,0,1,12,4,4,361,52,3,28,261.306,97,0,0,1,1,0,4,80,172,27,8
106,0,0,0,1,12,5,4,225,26,9,28,261.306,97,0,0,1,0,0,2,69,169,24,3
107,0,0,0,1,12,6,4,260,50,11,36,261.306,97,0,0,4,1,0,0,65,168,23,3
108,0,0,0,1,12,3,4,225,26,9,28,261.306,97,0,0,1,0,0,2,69,169,24,2
109,0,0,0,1,12,4,4,361,52,3,28,261.306,97,0,0,1,1,0,4,80,172,27,8
110,0,0,0,1,12,6,4,118,10,10,37,261.306,97,0,0,0,0,0,0,83,172,28,2
111,0,1,1,0,12,6,2,246,25,16,41,261.306,97,0,0,0,1,0,0,67,170,23,8
112,0,0,0,1,12,6,2,225,26,9,28,261.306,97,0,0,1,0,0,2,69,169,24,2
113,0,0,0,1,1,4,2,225,26,9,28,308.593,95,0,0,1,0,0,2,69,169,24,1
114,0,1,1,0,1,2,2,118,10,10,37,308.593,95,0,0,0,0,0,0,83,172,28,1
115,0,0,0,1,1,3,2,118,10,10,37,308.593,95,0,0,0,0,0,0,83,172,28,1
116,0,1,1,0,1,3,2,155,12,14,34,308.593,95,0,0,2,1,0,0,95,196,25,8
117,0,0,0,1,1,4,2,225,26,9,28,308.593,95,0,0,1,0,0,2,69,169,24,2
118,0,0,0,1,1,5,2,184,42,7,27,308.593,95,0,0,0,0,0,0,58,167,21,2
119,0,0,0,1,1,5,2,225,26,9,28,308.593,95,0,0,1,0,0,2,69,169,24,2
120,0,0,0,1,1,6,2,225,26,9,28,308.593,95,0,0,1,0,0,2,69,169,24,1
121,0,0,0,1,1,2,2,118,10,10,37,308.593,95,0,0,0,0,0,0,83,172,28,2
122,0,0,0,1,1,3,2,225,26,9,28,308.593,95,0,0,1,0,0,2,69,169,24,2
123,0,0,0,1,1,3,2,118,10,10,37,308.593,95,0,0,0,0,0,0,83,172,28,2
124,0,0,0,1,1,4,2,118,10,10,37,308.593,95,0,0,0,0,0,0,83,172,28,2
125,0,0,0,1,1,5,2,118,10,10,37,308.593,95,0,0,0,0,0,0,83,172,28,2
126,0,0,0,1,1,6,2,118,10,10,37,308.593,95,0,0,0,0,0,0,83,172,28,2
127,0,0,0,1,1,2,2,118,10,10,37,308.593,95,0,0,0,0,0,0,83,172,28,2
128,0,0,0,1,1,3,2,118,10,10,37,308.593,95,0,0,0,0,0,0,83,172,28,2
129,0,1,1,0,1,3,2,179,26,9,30,308.593,95,0,1,0,0,0,0,56,171,19,8
130,0,1,1,0,1,3,2,289,36,13,33,308.593,95,0,0,2,1,0,1,90,172,30,8
131,0,0,0,1,1,4,2,118,10,10,37,308.593,95,0,0,0,0,0,0,83,172,28,2
132,0,0,0,1,1,5,2,184,42,7,27,308.593,95,0,0,0,0,0,0,58,167,21,2
133,0,0,0,1,1,5,2,118,10,10,37,308.593,95,0,0,0,0,0,0,83,172,28,2
134,0,0,0,1,1,2,2,118,10,10,37,308.593,95,0,0,0,0,0,0,83,172,28,0
135,0,0,0,1,1,3,2,225,26,9,28,308.593,95,0,0,1,0,0,2,69,169,24,1
136,0,0,0,1,1,5,2,289,36,13,33,308.593,95,0,0,2,1,0,1,90,172,30,3
137,0,0,0,1,2,6,2,184,42,7,27,302.585,99,0,0,0,0,0,0,58,167,21,1
138,1,0,0,0,2,4,2,246,25,16,41,302.585,99,0,0,0,1,0,0,67,170,23,8
139,1,0,0,0,2,4,2,179,51,18,38,302.585,99,0,0,0,1,0,0,89,170,31,8
140,0,0,0,1,2,5,2,155,12,14,34,302.585,99,0,0,2,1,0,0,95,196,25,2
141,0,0,0,1,2,5,2,189,29,13,33,302.585,99,0,0,2,0,0,2,69,167,25,8
142,0,0,0,1,2,6,2,260,50,11,36,302.585,99,0,0,4,1,0,0,65,168,23,2
143,0,0,0,1,2,6,2,289,36,13,33,302.585,99,0,0,2,1,0,1,90,172,30,8
144,1,0,0,0,2,2,2,388,15,9,50,302.585,99,0,0,0,0,0,0,76,178,24,8
145,1,0,0,0,2,3,2,388,15,9,50,302.585,99,0,0,0,0,0,0,76,178,24,8
146,0,0,0,1,2,2,2,225,26,9,28,302.585,99,0,0,1,0,0,2,69,169,24,2
147,0,0,0,1,2,3,2,225,26,9,28,302.585,99,0,0,1,0,0,2,69,169,24,2
148,0,0,0,1,2,3,2,179,26,9,30,302.585,99,0,1,0,0,0,0,56,171,19,1
149,0,0,0,1,2,3,2,184,42,7,27,302.585,99,0,0,0,0,0,0,58,167,21,8
150,0,0,0,1,2,5,2,225,26,9,28,302.585,99,0,0,1,0,0,2,69,169,24,3
151,0,1,1,0,2,2,2,330,16,4,28,302.585,99,0,1,0,0,0,0,84,182,25,8
152,0,0,0,1,2,3,2,330,16,4,28,302.585,99,0,1,0,0,0,0,84,182,25,1
153,0,0,0,1,2,4,2,225,26,9,28,302.585,99,0,0,1,0,0,2,69,169,24,1
154,0,1,1,0,2,5,2,189,29,13,33,302.585,99,0,0,2,0,0,2,69,167,25,8
155,0,0,0,1,3,3,2,291,50,12,32,343.253,95,0,0,0,1,0,0,65,169,23,2
156,0,1,1,0,3,3,2,260,50,11,36,343.253,95,0,0,4,1,0,0,65,168,23,8
157,0,1,1,0,3,3,2,157,27,6,29,343.253,95,0,0,0,1,1,0,75,185,22,3
158,0,0,0,0,3,3,2,179,22,17,40,343.253,95,0,1,2,0,1,0,63,170,22,8
159,0,0,0,1,3,4,2,291,31,12,40,343.253,95,0,0,1,1,0,1,73,171,25,8
160,1,0,0,0,3,4,2,260,50,11,36,343.253,95,0,0,4,1,0,0,65,168,23,8
161,1,0,0,0,3,5,2,179,26,9,30,343.253,95,0,1,0,0,0,0,56,171,19,8
162,1,0,0,0,3,6,2,248,25,14,47,343.253,95,0,0,2,0,0,1,86,165,32,3
163,1,0,0,0,3,6,2,260,50,11,36,343.253,95,0,0,4,1,0,0,65,168,23,40
164,1,0,0,0,3,2,2,179,22,17,40,343.253,95,0,1,2,0,1,0,63,170,22,40
165,1,0,0,0,3,2,2,155,12,14,34,343.253,95,0,0,2,1,0,0,95,196,25,16
166,0,0,0,1,3,2,2,260,50,11,36,343.253,95,0,0,4,1,0,0,65,168,23,16
167,1,0,0,0,3,3,2,155,12,14,34,343.253,95,0,0,2,1,0,0,95,196,25,8
168,1,0,0,0,3,5,2,289,36,13,33,343.253,95,0,0,2,1,0,1,90,172,30,8
169,1,0,0,0,3,5,2,179,22,17,40,343.253,95,0,1,2,0,1,0,63,170,22,8
170,0,0,0,1,3,6,2,260,50,11,36,343.253,95,0,0,4,1,0,0,65,168,23,4
171,0,0,0,1,3,6,2,225,26,9,28,343.253,95,0,0,1,0,0,2,69,169,24,1
172,1,0,0,0,3,2,2,279,5,14,39,343.253,95,0,0,2,1,1,0,68,168,24,8
173,1,0,0,0,3,3,2,179,51,18,38,343.253,95,0,0,0,1,0,0,89,170,31,24
174,0,0,0,1,3,4,2,225,26,9,28,343.253,95,0,0,1,0,0,2,69,169,24,2
175,1,0,0,0,3,2,3,225,26,9,28,343.253,95,0,0,1,0,0,2,69,169,24,8
176,1,0,0,0,3,2,3,179,26,9,30,343.253,95,0,1,0,0,0,0,56,171,19,1
177,1,0,0,0,3,3,3,225,26,9,28,343.253,95,0,0,1,0,0,2,69,169,24,8
178,1,0,0,0,3,4,3,225,26,9,28,343.253,95,0,0,1,0,0,2,69,169,24,16
179,1,0,0,0,3,4,3,179,51,18,38,343.253,95,0,0,0,1,0,0,89,170,31,3
180,1,0,0,0,3,5,3,279,5,14,39,343.253,95,0,0,2,1,1,0,68,168,24,16
181,0,0,0,1,3,6,3,225,26,9,28,343.253,95,0,0,1,0,0,2,69,169,24,2
182,1,0,0,0,3,6,3,248,25,14,47,343.253,95,0,0,2,0,0,1,86,165,32,3
183,0,0,0,1,3,2,3,225,26,9,28,343.253,95,0,0,1,0,0,2,69,169,24,1
184,0,0,0,1,4,4,3,291,31,12,40,326.452,96,0,0,1,1,0,1,73,171,25,1
185,0,0,0,1,4,4,3,225,26,9,28,326.452,96,0,0,1,0,0,2,69,169,24,1
186,0,0,0,1,4,3,3,155,12,14,34,326.452,96,0,0,2,1,0,0,95,196,25,1
187,1,0,0,0,4,4,3,246,25,16,41,326.452,96,0,0,0,1,0,0,67,170,23,24
188,0,0,0,1,4,5,3,155,12,14,34,326.452,96,0,0,2,1,0,0,95,196,25,1
189,0,0,0,1,4,6,3,225,26,9,28,326.452,96,0,0,1,0,0,2,69,169,24,2
190,0,0,0,1,4,6,3,260,50,11,36,326.452,96,0,0,4,1,0,0,65,168,23,4
191,1,0,0,0,4,4,3,179,51,18,38,326.452,96,0,0,0,1,0,0,89,170,31,24
192,0,0,0,1,4,5,3,118,13,18,50,326.452,96,0,0,1,1,0,0,98,178,31,1
193,0,0,0,1,4,6,3,291,31,12,40,326.452,96,0,0,1,1,0,1,73,171,25,3
194,1,0,0,0,4,6,3,246,25,16,41,326.452,96,0,0,0,1,0,0,67,170,23,8
195,0,0,0,1,4,6,3,291,31,12,40,326.452,96,0,0,1,1,0,1,73,171,25,1
196,0,0,0,1,4,6,3,248,25,14,47,326.452,96,0,0,2,0,0,1,86,165,32,8
197,0,1,1,0,4,6,3,260,50,11,36,326.452,96,0,0,4,1,0,0,65,168,23,56
198,0,1,1,0,4,3,3,289,36,13,33,326.452,96,0,0,2,1,0,1,90,172,30,8
199,1,0,0,0,4,4,3,155,12,14,34,326.452,96,0,0,2,1,0,0,95,196,25,24
200,0,1,1,0,4,4,3,378,49,11,36,326.452,96,0,0,2,0,1,4,65,174,21,8
201,1,0,0,0,4,5,3,289,36,13,33,326.452,96,0,0,2,1,0,1,90,172,30,16
202,1,0,0,0,4,6,3,235,11,14,37,326.452,96,0,1,1,0,0,1,88,172,29,3
203,0,0,0,0,4,2,3,235,29,12,48,326.452,96,1,0,1,0,1,5,88,163,33,0
204,1,0,0,0,5,4,3,289,36,13,33,378.884,92,0,0,2,1,0,1,90,172,30,8
205,0,0,0,1,5,5,3,155,12,14,34,378.884,92,0,0,2,1,0,0,95,196,25,2
206,0,0,0,1,5,2,3,155,12,14,34,378.884,92,0,0,2,1,0,0,95,196,25,1
207,0,1,1,0,5,3,3,179,51,18,38,378.884,92,0,0,0,1,0,0,89,170,31,8
208,0,1,1,0,5,3,3,225,26,9,28,378.884,92,0,0,1,0,0,2,69,169,24,8
209,1,0,0,0,5,4,3,184,42,7,27,378.884,92,0,0,0,0,0,0,58,167,21,4
210,0,0,0,1,5,2,3,155,12,14,34,378.884,92,0,0,2,1,0,0,95,196,25,2
211,1,0,0,0,5,3,3,179,51,18,38,378.884,92,0,0,0,1,0,0,89,170,31,1
212,1,0,0,0,5,4,3,289,36,13,33,378.884,92,0,0,2,1,0,1,90,172,30,24
213,0,0,0,0,5,4,3,279,5,14,39,378.884,92,1,0,2,1,1,0,68,168,24,0
214,0,0,0,0,5,4,3,330,16,4,28,378.884,92,1,1,0,0,0,0,84,182,25,0
215,0,0,0,0,5,4,3,378,49,11,36,378.884,92,1,0,2,0,1,4,65,174,21,0
216,0,0,0,0,5,4,3,388,15,9,50,378.884,92,1,0,0,0,0,0,76,178,24,0
217,1,0,0,0,5,3,3,179,51,18,38,378.884,92,0,0,0,1,0,0,89,170,31,1
218,1,0,0,0,5,4,3,118,13,18,50,378.884,92,0,0,1,1,0,0,98,178,31,24
219,0,0,0,1,5,6,3,361,52,3,28,378.884,92,0,0,1,1,0,4,80,172,27,8
220,0,1,1,0,6,2,3,246,25,16,41,377.55,94,0,0,0,1,0,0,67,170,23,8
221,0,0,0,1,6,2,3,361,52,3,28,377.55,94,0,0,1,1,0,4,80,172,27,8
222,1,0,0,0,6,3,3,246,25,16,41,377.55,94,0,0,0,1,0,0,67,170,23,24
223,0,0,0,1,6,5,3,291,31,12,40,377.55,94,0,0,1,1,0,1,73,171,25,4
224,1,0,0,0,6,6,3,246,25,16,41,377.55,94,0,0,0,1,0,0,67,170,23,8
225,1,0,0,0,6,2,3,179,51,18,38,377.55,94,0,0,0,1,0,0,89,170,31,8
226,0,0,0,1,6,2,3,155,12,14,34,377.55,94,0,0,2,1,0,0,95,196,25,4
227,1,0,0,0,6,2,3,246,25,16,41,377.55,94,0,0,0,1,0,0,67,170,23,8
228,1,0,0,0,6,4,3,118,13,18,50,377.55,94,0,0,1,1,0,0,98,178,31,8
229,1,0,0,0,6,6,3,235,11,14,37,377.55,94,0,1,1,0,0,1,88,172,29,16
230,0,0,0,1,6,3,3,118,13,18,50,377.55,94,0,0,1,1,0,0,98,178,31,1
231,1,0,0,0,6,4,3,118,13,18,50,377.55,94,0,0,1,1,0,0,98,178,31,80
232,0,0,0,1,6,5,3,378,49,11,36,377.55,94,0,0,2,0,1,4,65,174,21,8
233,1,0,0,0,6,6,3,179,51,18,38,377.55,94,0,0,0,1,0,0,89,170,31,2
234,0,0,0,1,6,2,1,289,48,29,49,377.55,94,0,0,0,0,0,2,108,172,36,2
235,0,0,0,1,6,5,1,225,26,9,28,377.55,94,0,0,1,0,0,2,69,169,24,2
236,0,1,1,0,7,3,1,155,12,14,34,275.312,98,0,0,2,1,0,0,95,196,25,16
237,1,0,0,0,7,4,1,118,13,18,50,275.312,98,0,0,1,1,0,0,98,178,31,8
238,1,0,0,0,7,6,1,118,10,10,37,275.312,98,0,0,0,0,0,0,83,172,28,8
239,0,0,0,1,7,6,1,118,10,10,37,275.312,98,0,0,0,0,0,0,83,172,28,4
240,0,0,0,1,7,3,1,330,16,4,28,275.312,98,0,1,0,0,0,0,84,182,25,8
241,0,1,1,0,7,5,1,179,26,9,30,275.312,98,0,1,0,0,0,0,56,171,19,8
242,0,0,0,1,7,6,1,155,12,14,34,275.312,98,0,0,2,1,0,0,95,196,25,2
243,1,0,0,0,7,2,1,330,16,4,28,275.312,98,0,1,0,0,0,0,84,182,25,8
244,1,0,0,0,7,3,1,330,16,4,28,275.312,98,0,1,0,0,0,0,84,182,25,8
245,0,0,0,1,7,2,1,157,27,6,29,275.312,98,0,0,0,1,1,0,75,185,22,3
246,0,0,0,1,7,3,1,361,52,3,28,275.312,98,0,0,1,1,0,4,80,172,27,8
247,0,0,0,1,7,4,1,289,36,13,33,275.312,98,0,0,2,1,0,1,90,172,30,8
248,0,0,0,1,7,5,1,179,51,18,38,275.312,98,0,0,0,1,0,0,89,170,31,8
249,0,1,1,0,7,2,1,289,36,13,33,275.312,98,0,0,2,1,0,1,90,172,30,32
250,0,1,1,0,7,5,1,289,36,13,33,275.312,98,0,0,2,1,0,1,90,172,30,8
251,0,0,0,0,7,5,1,260,50,11,36,275.312,98,1,0,4,1,0,0,65,168,23,0
252,0,1,1,0,8,6,1,289,36,13,33,265.615,94,0,0,2,1,0,1,90,172,30,8
253,0,1,1,0,8,6,1,157,27,6,29,265.615,94,0,0,0,1,1,0,75,185,22,3
254,0,0,0,1,8,2,1,289,36,13,33,265.615,94,0,0,2,1,0,1,90,172,30,1
255,0,1,1,0,8,3,1,228,14,16,58,265.615,94,0,0,2,0,0,1,65,172,22,8
256,1,0,0,0,8,5,1,300,26,13,43,265.615,94,0,0,2,1,1,1,77,175,25,1
257,1,0,0,0,8,5,1,300,26,13,43,265.615,94,0,0,2,1,1,1,77,175,25,2
258,0,0,0,1,8,6,1,260,50,11,36,265.615,94,0,0,4,1,0,0,65,168,23,4
259,0,0,0,1,8,3,1,289,36,13,33,265.615,94,0,0,2,1,0,1,90,172,30,4
260,0,0,0,1,8,4,1,248,25,14,47,265.615,94,0,0,2,0,0,1,86,165,32,1
261,1,0,0,0,8,5,1,268,11,8,33,265.615,94,0,1,0,0,0,0,79,178,25,8
262,0,0,0,1,8,5,1,179,26,9,30,265.615,94,0,1,0,0,0,0,56,171,19,1
263,1,0,0,0,8,5,1,118,13,18,50,265.615,94,0,0,1,1,0,0,98,178,31,3
264,0,0,0,1,8,2,1,248,25,14,47,265.615,94,0,0,2,0,0,1,86,165,32,2
265,0,0,0,1,8,3,1,235,11,14,37,265.615,94,0,1,1,0,0,1,88,172,29,1
266,0,0,0,1,8,5,1,118,13,18,50,265.615,94,0,0,1,1,0,0,98,178,31,1
267,0,1,1,0,8,5,1,235,11,14,37,265.615,94,0,1,1,0,0,1,88,172,29,8
268,1,0,0,0,8,3,1,361,52,3,28,265.615,94,0,0,1,1,0,4,80,172,27,8
269,1,0,0,0,8,4,1,184,42,7,27,265.615,94,0,0,0,0,0,0,58,167,21,8
270,1,0,0,0,9,2,1,179,51,18,38,294.217,81,0,0,0,1,0,0,89,170,31,8
271,0,0,0,1,9,6,1,179,51,18,38,294.217,81,0,0,0,1,0,0,89,170,31,3
272,0,1,1,0,9,4,1,289,36,13,33,294.217,81,0,0,2,1,0,1,90,172,30,24
273,0,0,0,0,9,5,1,235,20,13,43,294.217,81,1,0,1,1,0,0,106,167,38,0
274,1,0,0,0,9,2,1,246,25,16,41,294.217,81,0,0,0,1,0,0,67,170,23,16
275,0,0,0,1,9,3,1,291,31,12,40,294.217,81,0,0,1,1,0,1,73,171,25,3
276,0,0,0,0,9,3,1,231,35,14,39,294.217,81,1,0,2,1,0,2,100,170,35,0
277,0,0,0,0,9,3,1,291,50,12,32,294.217,81,1,0,0,1,0,0,65,169,23,0
278,1,0,0,0,9,4,1,179,51,18,38,294.217,81,0,0,0,1,0,0,89,170,31,8
279,1,0,0,0,9,4,1,246,25,16,41,294.217,81,0,0,0,1,0,0,67,170,23,32
280,0,0,0,1,9,5,1,179,51,18,38,294.217,81,0,0,0,1,0,0,89,170,31,1
281,0,0,0,1,9,6,1,291,31,12,40,294.217,81,0,0,1,1,0,1,73,171,25,4
282,0,0,0,1,9,6,1,260,50,11,36,294.217,81,0,0,4,1,0,0,65,168,23,4
283,0,0,0,1,9,4,4,235,20,13,43,294.217,81,0,0,1,1,0,0,106,167,38,8
284,0,0,0,1,9,5,4,118,13,18,50,294.217,81,0,0,1,1,0,0,98,178,31,1
285,0,0,0,0,9,5,4,235,20,13,43,294.217,81,1,0,1,1,0,0,106,167,38,0
286,0,0,0,1,9,6,4,291,31,12,40,294.217,81,0,0,1,1,0,1,73,171,25,3
287,1,0,0,0,9,2,4,291,31,12,40,294.217,81,0,0,1,1,0,1,73,171,25,40
288,1,0,0,0,9,2,4,179,51,18,38,294.217,81,0,0,0,1,0,0,89,170,31,8
289,0,0,0,1,10,2,4,289,36,13,33,265.017,88,0,0,2,1,0,1,90,172,30,8
290,0,0,0,1,10,2,4,235,11,14,37,265.017,88,0,1,1,0,0,1,88,172,29,4
291,0,0,0,1,10,2,4,289,36,13,33,265.017,88,0,0,2,1,0,1,90,172,30,8
292,0,0,0,1,10,6,4,289,36,13,33,265.017,88,0,0,2,1,0,1,90,172,30,8
293,0,0,0,0,10,6,4,118,13,18,50,265.017,88,1,0,1,1,0,0,98,178,31,0
294,0,0,0,0,10,6,4,248,25,14,47,265.017,88,1,0,2,0,0,1,86,165,32,0
295,1,0,0,0,10,2,4,179,26,9,30,265.017,88,0,1,0,0,0,0,56,171,19,8
296,1,0,0,0,10,2,4,118,10,10,37,265.017,88,0,0,0,0,0,0,83,172,28,3
297,0,0,0,1,10,2,4,369,17,12,31,265.017,88,0,0,3,1,0,0,70,169,25,8
298,0,0,0,1,10,4,4,179,51,18,38,265.017,88,0,0,0,1,0,0,89,170,31,1
299,1,0,0,0,10,4,4,179,26,9,30,265.017,88,0,1,0,0,0,0,56,171,19,64
300,0,0,0,0,10,4,4,235,20,13,43,265.017,88,1,0,1,1,0,0,106,167,38,0
301,0,1,1,0,10,5,4,289,36,13,33,265.017,88,0,0,2,1,0,1,90,172,30,16
302,0,0,0,1,10,6,4,260,50,11,36,265.017,88,0,0,4,1,0,0,65,168,23,3
303,0,0,0,0,10,6,4,235,20,13,43,265.017,88,1,0,1,1,0,0,106,167,38,0
304,0,0,0,1,10,2,4,235,20,13,43,265.017,88,0,0,1,1,0,0,106,167,38,2
305,0,0,0,1,10,2,4,235,20,13,43,265.017,88,0,0,1,1,0,0,106,167,38,2
306,0,0,0,1,10,3,4,118,13,18,50,265.017,88,0,0,1,1,0,0,98,178,31,1
307,0,0,0,1,10,3,4,291,31,12,40,265.017,88,0,0,1,1,0,1,73,171,25,4
308,0,0,0,1,10,5,4,179,26,9,30,265.017,88,0,1,0,0,0,0,56,171,19,16
309,0,0,0,1,10,5,4,118,13,18,50,265.017,88,0,0,1,1,0,0,98,178,31,1
310,1,0,0,0,10,2,4,361,52,3,28,265.017,88,0,0,1,1,0,4,80,172,27,8
311,0,0,0,0,10,3,4,260,50,11,36,265.017,88,1,0,4,1,0,0,65,168,23,0
312,0,0,0,0,10,3,4,291,31,12,40,265.017,88,1,0,1,1,0,1,73,171,25,0
313,0,0,0,0,10,3,4,157,27,6,29,265.017,88,1,0,0,1,1,0,75,185,22,0
314,1,0,0,0,10,4,4,179,26,9,30,265.017,88,0,1,0,0,0,0,56,171,19,5
315,1,0,0,0,10,4,4,179,26,9,30,265.017,88,0,1,0,0,0,0,56,171,19,5
316,0,0,0,1,10,5,4,118,13,18,50,265.017,88,0,0,1,1,0,0,98,178,31,1
317,1,0,0,0,11,2,4,118,10,10,37,284.031,97,0,0,0,0,0,0,83,172,28,8
318,0,0,0,1,11,2,4,248,25,14,47,284.031,97,0,0,2,0,0,1,86,165,32,2
319,1,0,0,0,11,3,4,179,51,18,38,284.031,97,0,0,0,1,0,0,89,170,31,8
320,0,0,0,1,11,6,4,260,50,11,36,284.031,97,0,0,4,1,0,0,65,168,23,3
321,0,0,0,1,11,2,4,291,31,12,40,284.031,97,0,0,1,1,0,1,73,171,25,1
322,1,0,0,0,11,2,4,378,49,11,36,284.031,97,0,0,2,0,1,4,65,174,21,8
323,1,0,0,0,11,2,4,155,12,14,34,284.031,97,0,0,2,1,0,0,95,196,25,120
324,0,0,0,1,11,2,4,235,20,13,43,284.031,97,0,0,1,1,0,0,106,167,38,8
325,0,0,0,0,11,3,4,330,16,4,28,284.031,97,1,1,0,0,0,0,84,182,25,0
326,0,1,1,0,11,4,4,235,11,14,37,284.031,97,0,1,1,0,0,1,88,172,29,1
327,1,0,0,0,11,4,4,118,10,10,37,284.031,97,0,0,0,0,0,0,83,172,28,3
328,0,0,0,1,11,5,4,235,11,14,37,284.031,97,0,1,1,0,0,1,88,172,29,2
329,0,0,0,1,11,5,4,179,51,18,38,284.031,97,0,0,0,1,0,0,89,170,31,3
330,1,0,0,0,11,6,4,246,25,16,41,284.031,97,0,0,0,1,0,0,67,170,23,8
331,1,0,0,0,11,6,4,291,31,12,40,284.031,97,0,0,1,1,0,1,73,171,25,4
332,1,0,0,0,11,2,4,246,25,16,41,284.031,97,0,0,0,1,0,0,67,170,23,8
333,0,0,0,1,11,3,4,179,51,18,38,284.031,97,0,0,0,1,0,0,89,170,31,1
334,1,0,0,0,11,4,4,260,50,11,36,284.031,97,0,0,4,1,0,0,65,168,23,8
335,0,0,0,0,11,6,4,260,50,11,36,284.031,97,0,0,4,1,0,0,65,168,23,8
336,0,0,0,0,11,6,4,378,49,11,36,284.031,97,1,0,2,0,1,4,65,174,21,0
337,0,0,0,0,11,3,4,279,5,14,39,284.031,97,1,0,2,1,1,0,68,168,24,0
338,0,0,0,1,11,5,4,179,51,18,38,284.031,97,0,0,0,1,0,0,89,170,31,1
339,1,0,0,0,12,2,4,225,26,9,28,236.629,93,0,0,1,0,0,2,69,169,24,3
340,0,0,0,1,12,2,4,179,51,18,38,236.629,93,0,0,0,1,0,0,89,170,31,2
341,0,0,0,1,12,2,4,179,51,18,38,236.629,93,0,0,0,1,0,0,89,170,31,1
342,0,0,0,1,12,2,4,235,11,14,37,236.629,93,0,1,1,0,0,1,88,172,29,3
343,0,0,0,1,12,3,4,118,13,18,50,236.629,93,0,0,1,1,0,0,98,178,31,1
344,0,0,0,1,12,6,4,260,50,11,36,236.629,93,0,0,4,1,0,0,65,168,23,4
345,1,0,0,0,12,5,4,246,25,16,41,236.629,93,0,0,0,1,0,0,67,170,23,8
346,0,0,0,1,12,5,4,179,51,18,38,236.629,93,0,0,0,1,0,0,89,170,31,1
347,0,0,0,1,12,6,4,179,51,18,38,236.629,93,0,0,0,1,0,0,89,170,31,1
348,0,0,0,1,12,3,4,179,26,9,30,236.629,93,0,1,0,0,0,0,56,171,19,1
349,0,0,0,1,12,3,4,118,10,10,37,236.629,93,0,0,0,0,0,0,83,172,28,8
350,0,0,0,1,12,5,4,235,11,14,37,236.629,93,0,1,1,0,0,1,88,172,29,2
351,0,0,0,1,12,6,4,179,51,18,38,236.629,93,0,0,0,1,0,0,89,170,31,1
352,1,0,0,0,12,3,2,235,20,13,43,236.629,93,0,0,1,1,0,0,106,167,38,8
353,1,0,0,0,12,3,2,235,11,14,37,236.629,93,0,1,1,0,0,1,88,172,29,4
354,0,0,0,1,12,4,2,260,50,11,36,236.629,93,0,0,4,1,0,0,65,168,23,8
355,0,0,0,1,12,2,2,157,27,6,29,236.629,93,0,0,0,1,1,0,75,185,22,2
356,0,0,0,1,12,2,2,179,51,18,38,236.629,93,0,0,0,1,0,0,89,170,31,3
357,0,1,1,0,12,2,2,289,36,13,33,236.629,93,0,0,2,1,0,1,90,172,30,8
358,0,0,0,1,1,4,2,225,26,9,28,330.061,100,0,0,1,0,0,2,69,169,24,5
359,0,1,1,0,1,2,2,118,10,10,37,330.061,100,0,0,0,0,0,0,83,172,28,32
360,0,0,0,1,1,2,2,155,12,14,34,330.061,100,0,0,2,1,0,0,95,196,25,2
361,1,0,0,0,1,3,2,235,11,14,37,330.061,100,0,1,1,0,0,1,88,172,29,1
362,0,0,0,1,1,3,2,155,12,14,34,330.061,100,0,0,2,1,0,0,95,196,25,4
363,0,0,0,1,1,2,2,289,36,13,33,330.061,100,0,0,2,1,0,1,90,172,30,8
364,1,0,0,0,1,4,2,291,31,12,40,330.061,100,0,0,1,1,0,1,73,171,25,8
365,0,0,0,1,1,2,2,235,20,13,43,330.061,100,0,0,1,1,0,0,106,167,38,8
366,0,0,0,1,1,2,2,118,13,18,50,330.061,100,0,0,1,1,0,0,98,178,31,4
367,0,0,0,1,1,4,2,179,51,18,38,330.061,100,0,0,0,1,0,0,89,170,31,1
368,0,0,0,1,1,6,2,179,51,18,38,330.061,100,0,0,0,1,0,0,89,170,31,1
369,0,0,0,1,2,3,2,118,10,10,37,251.818,96,0,0,0,0,0,0,83,172,28,2
370,0,0,0,1,2,4,2,179,51,18,38,251.818,96,0,0,0,1,0,0,89,170,31,3
371,1,0,0,0,2,4,2,225,26,9,28,251.818,96,0,0,1,0,0,2,69,169,24,1
372,0,0,0,1,2,6,2,289,36,13,33,251.818,96,0,0,2,1,0,1,90,172,30,3
373,0,0,0,1,2,6,2,260,50,11,36,251.818,96,0,0,4,1,0,0,65,168,23,3
374,0,0,0,1,2,6,2,179,51,18,38,251.818,96,0,0,0,1,0,0,89,170,31,3
375,0,0,0,1,2,2,2,179,51,18,38,251.818,96,0,0,0,1,0,0,89,170,31,2
376,0,0,0,1,2,4,2,179,51,18,38,251.818,96,0,0,0,1,0,0,89,170,31,3
377,1,0,0,0,2,5,2,179,51,18,38,251.818,96,0,0,0,1,0,0,89,170,31,8
378,0,0,0,1,2,5,2,246,25,16,41,251.818,96,0,0,0,1,0,0,67,170,23,8
379,0,0,0,1,2,6,2,179,51,18,38,251.818,96,0,0,0,1,0,0,89,170,31,3
380,0,0,0,1,2,2,2,189,29,13,33,251.818,96,0,0,2,0,0,2,69,167,25,8
381,0,0,0,1,2,2,2,179,51,18,38,251.818,96,0,0,0,1,0,0,89,170,31,3
382,0,0,0,1,2,3,2,246,25,16,41,251.818,96,0,0,0,1,0,0,67,170,23,2
383,0,0,0,1,2,3,2,291,31,12,40,251.818,96,0,0,1,1,0,1,73,171,25,2
384,1,0,0,0,2,4,2,157,27,6,29,251.818,96,0,0,0,1,1,0,75,185,22,16
385,0,0,0,1,2,4,2,179,51,18,38,251.818,96,0,0,0,1,0,0,89,170,31,3
386,0,0,0,1,2,6,2,179,51,18,38,251.818,96,0,0,0,1,0,0,89,170,31,3
387,1,0,0,0,2,6,2,246,25,16,41,251.818,96,0,0,0,1,0,0,67,170,23,24
388,0,0,0,1,2,4,2,179,51,18,38,251.818,96,0,0,0,1,0,0,89,170,31,3
389,0,0,0,1,2,6,2,179,51,18,38,251.818,96,0,0,0,1,0,0,89,170,31,3
390,0,1,1,0,3,3,2,118,10,10,37,244.387,98,0,0,0,0,0,0,83,172,28,8
391,0,1,1,0,3,4,2,246,25,16,41,244.387,98,0,0,0,1,0,0,67,170,23,16
392,0,0,0,1,3,6,2,246,25,16,41,244.387,98,0,0,0,1,0,0,67,170,23,2
393,0,0,0,1,3,6,2,260,50,11,36,244.387,98,0,0,4,1,0,0,65,168,23,4
394,0,0,0,1,3,2,2,179,51,18,38,244.387,98,0,0,0,1,0,0,89,170,31,2
395,0,0,0,1,3,2,2,235,11,14,37,244.387,98,0,1,1,0,0,1,88,172,29,8
396,0,0,0,1,3,3,2,179,22,17,40,244.387,98,0,1,2,0,1,0,63,170,22,8
397,0,0,0,1,3,3,2,378,49,11,36,244.387,98,0,0,2,0,1,4,65,174,21,8
398,0,0,0,1,3,2,2,179,51,18,38,244.387,98,0,0,0,1,0,0,89,170,31,16
399,0,0,0,1,3,4,2,361,52,3,28,244.387,98,0,0,1,1,0,4,80,172,27,8
400,0,0,0,0,3,4,2,369,17,12,31,244.387,98,1,0,3,1,0,0,70,169,25,0
401,0,1,1,0,3,5,2,235,11,14,37,244.387,98,0,1,1,0,0,1,88,172,29,8
402,0,0,0,1,3,6,3,118,13,18,50,244.387,98,0,0,1,1,0,0,98,178,31,2
403,1,0,0,0,3,3,3,118,13,18,50,244.387,98,0,0,1,1,0,0,98,178,31,3
404,1,0,0,0,3,4,3,118,13,18,50,244.387,98,0,0,1,1,0,0,98,178,31,8
405,0,0,0,0,3,5,3,235,11,14,37,244.387,98,1,1,1,0,0,1,88,172,29,0
406,0,0,0,0,3,5,3,246,25,16,41,244.387,98,1,0,0,1,0,0,67,170,23,0
407,0,0,0,0,3,5,3,118,13,18,50,244.387,98,1,0,1,1,0,0,98,178,31,0
408,0,0,0,1,3,6,3,179,51,18,38,244.387,98,0,0,0,1,0,0,89,170,31,8
409,0,0,0,1,3,6,3,289,36,13,33,244.387,98,0,0,2,1,0,1,90,172,30,8
410,0,1,1,0,3,2,3,260,50,11,36,244.387,98,0,0,4,1,0,0,65,168,23,8
411,0,0,0,1,3,3,3,246,25,16,41,244.387,98,0,0,0,1,0,0,67,170,23,2
412,0,0,0,1,4,4,3,179,51,18,38,239.409,98,0,0,0,1,0,0,89,170,31,4
413,0,0,0,1,4,6,3,260,50,11,36,239.409,98,0,0,4,1,0,0,65,168,23,3
414,0,0,0,1,4,6,3,330,16,4,28,239.409,98,0,1,0,0,0,0,84,182,25,4
415,0,0,0,1,4,2,3,369,17,12,31,239.409,98,0,0,3,1,0,0,70,169,25,4
416,0,0,0,1,4,2,3,248,25,14,47,239.409,98,0,0,2,0,0,1,86,165,32,4
417,0,0,0,1,4,4,3,330,16,4,28,239.409,98,0,1,0,0,0,0,84,182,25,8
418,0,0,0,1,4,4,3,179,51,18,38,239.409,98,0,0,0,1,0,0,89,170,31,8
419,0,0,0,1,4,2,3,118,13,18,50,239.409,98,0,0,1,1,0,0,98,178,31,1
420,1,0,0,0,4,4,3,118,13,18,50,239.409,98,0,0,1,1,0,0,98,178,31,120
421,0,0,0,1,4,6,3,300,26,13,43,239.409,98,0,0,2,1,1,1,77,175,25,8
422,0,0,0,1,4,6,3,260,50,11,36,239.409,98,0,0,4,1,0,0,65,168,23,4
423,0,0,0,1,4,2,3,179,51,18,38,239.409,98,0,0,0,1,0,0,89,170,31,4
424,1,0,0,0,4,4,3,118,10,10,37,239.409,98,0,0,0,0,0,0,83,172,28,2
425,1,0,0,0,5,2,3,235,20,13,43,246.074,99,0,0,1,1,0,0,106,167,38,16
426,0,0,0,1,5,4,3,248,25,14,47,246.074,99,0,0,2,0,0,1,86,165,32,2
427,1,0,0,0,5,2,3,369,17,12,31,246.074,99,0,0,3,1,0,0,70,169,25,8
428,0,0,0,1,5,4,3,179,26,9,30,246.074,99,0,1,0,0,0,0,56,171,19,3
429,0,0,0,1,5,4,3,179,51,18,38,246.074,99,0,0,0,1,0,0,89,170,31,4
430,0,0,0,1,5,5,3,361,52,3,28,246.074,99,0,0,1,1,0,4,80,172,27,1
431,0,0,0,1,5,6,3,260,50,11,36,246.074,99,0,0,4,1,0,0,65,168,23,3
432,1,0,0,0,5,2,3,179,22,17,40,246.074,99,0,1,2,0,1,0,63,170,22,2
433,1,0,0,0,5,2,3,179,22,17,40,246.074,99,0,1,2,0,1,0,63,170,22,3
434,0,1,1,0,5,4,3,228,14,16,58,246.074,99,0,0,2,0,0,1,65,172,22,8
435,0,0,0,1,5,4,3,225,26,9,28,246.074,99,0,0,1,0,0,2,69,169,24,3
436,1,0,0,0,5,6,3,330,16,4,28,246.074,99,0,1,0,0,0,0,84,182,25,8
437,0,0,0,1,5,2,3,179,26,9,30,246.074,99,0,1,0,0,0,0,56,171,19,2
438,0,0,0,1,5,2,3,118,10,10,37,246.074,99,0,0,0,0,0,0,83,172,28,1
439,1,0,0,0,5,2,3,235,11,14,37,246.074,99,0,1,1,0,0,1,88,172,29,8
440,0,0,0,1,5,4,3,179,26,9,30,246.074,99,0,1,0,0,0,0,56,171,19,3
441,0,0,0,1,6,2,3,118,10,10,37,253.957,95,0,0,0,0,0,0,83,172,28,3
442,0,0,0,1,6,2,3,179,51,18,38,253.957,95,0,0,0,1,0,0,89,170,31,3
443,0,0,0,1,6,3,3,118,10,10,37,253.957,95,0,0,0,0,0,0,83,172,28,2
444,0,0,0,1,6,5,3,225,26,9,28,253.957,95,0,0,1,0,0,2,69,169,24,4
445,0,0,0,1,6,6,3,260,50,11,36,253.957,95,0,0,4,1,0,0,65,168,23,4
446,0,0,0,0,6,6,3,179,51,18,38,253.957,95,1,0,0,1,0,0,89,170,31,0
447,1,0,0,0,6,2,3,291,31,12,40,253.957,95,0,0,1,1,0,1,73,171,25,40
448,0,0,0,1,6,2,3,179,51,18,38,253.957,95,0,0,0,1,0,0,89,170,31,24
449,0,0,0,1,6,3,3,246,25,16,41,253.957,95,0,0,0,1,0,0,67,170,23,3
450,0,0,0,1,6,2,3,179,51,18,38,253.957,95,0,0,0,1,0,0,89,170,31,4
451,0,0,0,1,6,3,3,235,20,13,43,253.957,95,0,0,1,1,0,0,106,167,38,8
452,0,0,0,1,6,2,1,179,51,18,38,253.957,95,0,0,0,1,0,0,89,170,31,2
453,0,0,0,1,6,4,1,225,26,9,28,253.957,95,0,0,1,0,0,2,69,169,24,2
454,0,0,0,1,6,4,1,118,13,18,50,253.957,95,0,0,1,1,0,0,98,178,31,2
455,1,0,0,0,6,4,1,179,51,18,38,253.957,95,0,0,0,1,0,0,89,170,31,8
456,0,1,1,0,6,4,1,179,26,9,30,253.957,95,0,1,0,0,0,0,56,171,19,2
457,0,0,0,1,6,6,1,246,25,16,41,253.957,95,0,0,0,1,0,0,67,170,23,2
458,1,0,0,0,6,3,1,330,16,4,28,253.957,95,0,1,0,0,0,0,84,182,25,1
459,1,0,0,0,6,3,1,235,11,14,37,253.957,95,0,1,1,0,0,1,88,172,29,8
460,0,0,0,1,7,5,1,179,26,9,30,230.29,92,0,1,0,0,0,0,56,171,19,2
461,0,0,0,1,7,5,1,225,26,9,28,230.29,92,0,0,1,0,0,2,69,169,24,4
462,1,0,0,0,7,6,1,260,50,11,36,230.29,92,0,0,4,1,0,0,65,168,23,8
463,1,0,0,0,7,2,1,268,11,8,33,230.29,92,0,1,0,0,0,0,79,178,25,8
464,0,0,0,1,7,6,1,330,16,4,28,230.29,92,0,1,0,0,0,0,84,182,25,8
465,0,0,0,1,7,6,1,118,10,10,37,230.29,92,0,0,0,0,0,0,83,172,28,8
466,0,0,0,1,7,2,1,260,50,11,36,230.29,92,0,0,4,1,0,0,65,168,23,4
467,0,0,0,1,7,3,1,118,10,10,37,230.29,92,0,0,0,0,0,0,83,172,28,8
468,0,0,0,0,7,2,1,300,26,13,43,230.29,92,0,0,2,1,1,1,77,175,25,8
469,0,0,0,1,7,2,1,235,29,12,48,230.29,92,0,0,1,0,1,5,88,163,33,1
470,0,0,0,1,7,3,1,246,25,16,41,230.29,92,0,0,0,1,0,0,67,170,23,2
471,1,0,0,0,7,3,1,225,26,9,28,230.29,92,0,0,1,0,0,2,69,169,24,112
472,0,0,0,1,7,3,1,179,51,18,38,230.29,92,0,0,0,1,0,0,89,170,31,1
473,0,0,0,1,7,6,1,118,13,18,50,230.29,92,0,0,1,1,0,0,98,178,31,1
474,0,0,0,1,7,6,1,361,52,3,28,230.29,92,0,0,1,1,0,4,80,172,27,8
475,0,0,0,1,7,2,1,289,36,13,33,230.29,92,0,0,2,1,0,1,90,172,30,8
476,0,0,0,1,7,2,1,235,20,13,43,230.29,92,0,0,1,1,0,0,106,167,38,8
477,0,0,0,1,7,3,1,246,25,16,41,230.29,92,0,0,0,1,0,0,67,170,23,2
478,0,0,0,1,7,5,1,291,31,12,40,230.29,92,0,0,1,1,0,1,73,171,25,1
479,0,0,0,1,7,5,1,279,5,14,39,230.29,92,0,0,2,1,1,0,68,168,24,2
480,0,0,0,1,8,5,1,179,51,18,38,249.797,93,0,0,0,1,0,0,89,170,31,4
481,0,0,0,1,8,2,1,179,22,17,40,249.797,93,0,1,2,0,1,0,63,170,22,1
482,0,0,0,1,8,3,1,246,25,16,41,249.797,93,0,0,0,1,0,0,67,170,23,4
483,0,0,0,1,8,3,1,118,10,10,37,249.797,93,0,0,0,0,0,0,83,172,28,4
484,0,0,0,1,8,3,1,289,36,13,33,249.797,93,0,0,2,1,0,1,90,172,30,8
485,0,0,0,1,8,3,1,235,20,13,43,249.797,93,0,0,1,1,0,0,106,167,38,8
486,0,0,0,1,8,5,1,291,31,12,40,249.797,93,0,0,1,1,0,1,73,171,25,4
487,0,0,0,1,8,2,1,179,51,18,38,249.797,93,0,0,0,1,0,0,89,170,31,4
488,0,0,0,1,8,3,1,179,22,17,40,249.797,93,0,1,2,0,1,0,63,170,22,8
489,0,0,0,1,8,5,1,330,16,4,28,249.797,93,0,1,0,0,0,0,84,182,25,16
490,0,0,0,1,8,3,1,235,11,14,37,249.797,93,0,1,1,0,0,1,88,172,29,4
491,0,0,0,1,8,3,1,246,25,16,41,249.797,93,0,0,0,1,0,0,67,170,23,1
492,0,0,0,1,8,3,1,118,10,10,37,249.797,93,0,0,0,0,0,0,83,172,28,5
493,0,0,0,1,8,5,1,291,31,12,40,249.797,93,0,0,1,1,0,1,73,171,25,2
494,0,0,0,1,8,2,1,260,50,11,36,249.797,93,0,0,4,1,0,0,65,168,23,3
495,0,0,0,1,9,3,1,246,25,16,41,261.756,87,0,0,0,1,0,0,67,170,23,1
496,0,0,0,1,9,3,1,246,25,16,41,261.756,87,0,0,0,1,0,0,67,170,23,1
497,0,0,0,1,9,3,1,118,10,10,37,261.756,87,0,0,0,0,0,0,83,172,28,3
498,0,0,0,1,9,3,1,155,12,14,34,261.756,87,0,0,2,1,0,0,95,196,25,2
499,0,0,0,1,9,5,1,291,31,12,40,261.756,87,0,0,1,1,0,1,73,171,25,2
500,0,0,0,1,9,6,1,179,26,9,30,261.756,87,0,1,0,0,0,0,56,171,19,8
501,0,0,0,1,9,6,1,248,25,14,47,261.756,87,0,0,2,0,0,1,86,165,32,1
502,0,0,0,1,9,2,1,179,51,18,38,261.756,87,0,0,0,1,0,0,89,170,31,4
503,0,0,0,1,9,4,1,225,26,9,28,261.756,87,0,0,1,0,0,2,69,169,24,1
504,0,0,0,1,9,2,1,179,26,9,30,261.756,87,0,1,0,0,0,0,56,171,19,2
505,0,0,0,1,9,3,4,369,17,12,31,261.756,87,0,0,3,1,0,0,70,169,25,8
506,0,0,0,1,9,3,4,361,52,3,28,261.756,87,0,0,1,1,0,4,80,172,27,8
507,1,0,0,0,10,5,4,289,48,29,49,284.853,91,0,0,0,0,0,2,108,172,36,1
508,1,0,0,0,10,5,4,235,16,8,32,284.853,91,0,1,0,0,0,0,75,178,25,3
509,0,0,0,1,10,6,4,246,25,16,41,284.853,91,0,0,0,1,0,0,67,170,23,8
510,1,0,0,0,10,4,4,289,48,29,49,284.853,91,0,0,0,0,0,2,108,172,36,3
511,0,0,0,1,10,4,4,291,31,12,40,284.853,91,0,0,1,1,0,1,73,171,25,2
512,0,0,0,1,10,3,4,118,10,10,37,284.853,91,0,0,0,0,0,0,83,172,28,2
513,0,0,0,1,10,5,4,289,48,29,49,284.853,91,0,0,0,0,0,2,108,172,36,2
514,0,0,0,1,10,6,4,291,31,12,40,284.853,91,0,0,1,1,0,1,73,171,25,1
515,0,0,0,1,10,3,4,225,26,9,28,284.853,91,0,0,1,0,0,2,69,169,24,2
516,0,0,0,1,10,3,4,369,17,12,31,284.853,91,0,0,3,1,0,0,70,169,25,8
517,0,0,0,1,10,3,4,369,17,12,31,284.853,91,0,0,3,1,0,0,70,169,25,3
518,0,0,0,1,10,3,4,225,26,9,28,284.853,91,0,0,1,0,0,2,69,169,24,4
519,0,0,0,1,10,3,4,369,17,12,31,284.853,91,0,0,3,1,0,0,70,169,25,8
520,0,0,0,1,10,4,4,179,51,18,38,284.853,91,0,0,0,1,0,0,89,170,31,3
521,1,0,0,0,10,4,4,228,14,16,58,284.853,91,0,0,2,0,0,1,65,172,22,1
522,0,0,0,1,10,4,4,291,31,12,40,284.853,91,0,0,1,1,0,1,73,171,25,1
523,1,0,0,0,10,5,4,369,17,12,31,284.853,91,0,0,3,1,0,0,70,169,25,8
524,1,0,0,0,10,5,4,225,26,9,28,284.853,91,0,0,1,0,0,2,69,169,24,1
525,1,0,0,0,10,6,4,369,17,12,31,284.853,91,0,0,3,1,0,0,70,169,25,8
526,1,0,0,0,10,6,4,225,26,9,28,284.853,91,0,0,1,0,0,2,69,169,24,3
527,0,0,0,1,10,2,4,189,29,13,33,284.853,91,0,0,2,0,0,2,69,167,25,8
528,1,0,0,0,10,2,4,235,16,8,32,284.853,91,0,1,0,0,0,0,75,178,25,8
529,1,0,0,0,10,2,4,248,25,14,47,284.853,91,0,0,2,0,0,1,86,165,32,8
530,0,0,0,0,10,2,4,225,26,9,28,284.853,91,1,0,1,0,0,2,69,169,24,0
531,1,0,0,0,10,3,4,225,26,9,28,284.853,91,0,0,1,0,0,2,69,169,24,3
532,0,1,1,0,11,3,4,179,51,18,38,268.519,93,0,0,0,1,0,0,89,170,31,1
533,0,0,0,1,11,4,4,118,10,10,37,268.519,93,0,0,0,0,0,0,83,172,28,3
534,1,0,0,0,11,4,4,330,16,4,28,268.519,93,0,1,0,0,0,0,84,182,25,24
535,0,0,0,1,11,6,4,179,51,18,38,268.519,93,0,0,0,1,0,0,89,170,31,1
536,1,0,0,0,11,3,4,118,10,10,37,268.519,93,0,0,0,0,0,0,83,172,28,8
537,0,0,0,1,11,4,4,289,36,13,33,268.519,93,0,0,2,1,0,1,90,172,30,8
538,1,0,0,0,11,6,4,235,16,8,32,268.519,93,0,1,0,0,0,0,75,178,25,8
539,0,0,0,1,11,6,4,225,26,9,28,268.519,93,0,0,1,0,0,2,69,169,24,4
540,0,0,0,1,11,3,4,361,52,3,28,268.519,93,0,0,1,1,0,4,80,172,27,8
541,0,0,0,1,11,4,4,291,31,12,40,268.519,93,0,0,1,1,0,1,73,171,25,2
542,1,0,0,0,11,5,4,118,10,10,37,268.519,93,0,0,0,0,0,0,83,172,28,2
543,1,0,0,0,11,5,4,225,26,9,28,268.519,93,0,0,1,0,0,2,69,169,24,3
544,0,0,0,1,11,2,4,179,51,18,38,268.519,93,0,0,0,1,0,0,89,170,31,1
545,0,0,0,1,11,2,4,118,10,10,37,268.519,93,0,0,0,0,0,0,83,172,28,8
546,1,0,0,0,11,3,4,118,10,10,37,268.519,93,0,0,0,0,0,0,83,172,28,8
547,0,0,0,1,11,3,4,225,26,9,28,268.519,93,0,0,1,0,0,2,69,169,24,2
548,0,0,0,0,11,3,4,291,31,12,40,268.519,93,1,0,1,1,0,1,73,171,25,0
549,0,0,0,0,11,4,4,289,36,13,33,268.519,93,1,0,2,1,0,1,90,172,30,0
550,1,0,0,0,11,5,4,248,25,14,47,268.519,93,0,0,2,0,0,1,86,165,32,4
551,0,0,0,0,11,5,4,235,20,13,43,268.519,93,1,0,1,1,0,0,106,167,38,0
552,0,0,0,1,11,6,4,225,26,9,28,268.519,93,0,0,1,0,0,2,69,169,24,2
553,0,0,0,1,11,6,4,369,17,12,31,268.519,93,0,0,3,1,0,0,70,169,25,8
554,0,0,0,1,11,2,4,361,52,3,28,268.519,93,0,0,1,1,0,4,80,172,27,2
555,1,0,0,0,12,3,4,179,51,18,38,280.549,98,0,0,0,1,0,0,89,170,31,32
556,0,0,0,1,12,4,4,291,31,12,40,280.549,98,0,0,1,1,0,1,73,171,25,1
557,0,0,0,1,12,4,4,225,26,9,28,280.549,98,0,0,1,0,0,2,69,169,24,3
558,1,0,0,0,12,6,4,179,26,9,30,280.549,98,0,1,0,0,0,0,56,171,19,1
559,0,0,0,1,12,6,4,225,26,9,28,280.549,98,0,0,1,0,0,2,69,169,24,3
560,0,0,0,1,12,4,4,225,26,9,28,280.549,98,0,0,1,0,0,2,69,169,24,3
561,1,0,0,0,12,5,4,361,52,3,28,280.549,98,0,0,1,1,0,4,80,172,27,4
562,0,1,1,0,12,6,4,179,22,17,40,280.549,98,0,1,2,0,1,0,63,170,22,2
563,0,0,0,1,12,6,4,235,20,13,43,280.549,98,0,0,1,1,0,0,106,167,38,8
564,0,1,1,0,12,2,4,233,51,1,31,280.549,98,0,1,1,1,0,8,68,178,21,8
565,1,0,0,0,12,3,4,179,26,9,30,280.549,98,0,1,0,0,0,0,56,171,19,16
566,0,0,0,1,12,3,4,225,26,9,28,280.549,98,0,0,1,0,0,2,69,169,24,2
567,0,0,0,1,12,5,4,225,26,9,28,280.549,98,0,0,1,0,0,2,69,169,24,3
568,0,0,0,1,12,2,4,225,26,9,28,280.549,98,0,0,1,0,0,2,69,169,24,2
569,0,1,1,0,12,3,2,155,12,14,34,280.549,98,0,0,2,1,0,0,95,196,25,80
570,1,0,0,0,1,2,2,179,26,9,30,313.532,96,0,1,0,0,0,0,56,171,19,24
571,1,0,0,0,1,5,2,179,26,9,30,313.532,96,0,1,0,0,0,0,56,171,19,16
572,0,0,0,1,1,5,2,179,22,17,40,313.532,96,0,1,2,0,1,0,63,170,22,2
573,0,0,0,1,1,6,2,179,22,17,40,313.532,96,0,1,2,0,1,0,63,170,22,2
574,1,0,0,0,1,2,2,179,26,9,30,313.532,96,0,1,0,0,0,0,56,171,19,3
575,0,0,0,1,1,4,2,179,22,17,40,313.532,96,0,1,2,0,1,0,63,170,22,2
576,1,0,0,0,1,5,2,289,48,29,49,313.532,96,0,0,0,0,0,2,108,172,36,8
577,0,1,1,0,1,6,2,179,22,17,40,313.532,96,0,1,2,0,1,0,63,170,22,3
578,0,0,0,1,1,2,2,179,26,9,30,313.532,96,0,1,0,0,0,0,56,171,19,2
579,0,1,1,0,1,3,2,155,12,14,34,313.532,96,0,0,2,1,0,0,95,196,25,8
580,0,0,0,1,1,4,2,179,26,9,30,313.532,96,0,1,0,0,0,0,56,171,19,2
581,0,0,0,1,1,4,2,179,51,18,38,313.532,96,0,0,0,1,0,0,89,170,31,3
582,1,0,0,0,1,4,2,289,36,13,33,313.532,96,0,0,2,1,0,1,90,172,30,8
583,0,0,0,1,1,5,2,179,51,18,38,313.532,96,0,0,0,1,0,0,89,170,31,3
584,0,0,0,1,1,6,2,179,51,18,38,313.532,96,0,0,0,1,0,0,89,170,31,2
585,1,0,0,0,2,3,2,179,51,18,38,264.249,97,0,0,0,1,0,0,89,170,31,8
586,0,0,0,1,2,3,2,225,26,9,28,264.249,97,0,0,1,0,0,2,69,169,24,3
587,1,0,0,0,2,4,2,248,25,14,47,264.249,97,0,0,2,0,0,1,86,165,32,8
588,0,0,0,1,2,4,2,179,51,18,38,264.249,97,0,0,0,1,0,0,89,170,31,2
589,0,0,0,1,2,5,2,225,26,9,28,264.249,97,0,0,1,0,0,2,69,169,24,3
590,0,0,0,1,2,5,2,179,51,18,38,264.249,97,0,0,0,1,0,0,89,170,31,2
591,0,0,0,1,2,5,2,179,26,9,30,264.249,97,0,1,0,0,0,0,56,171,19,2
592,0,0,0,1,2,6,2,225,15,15,41,264.249,97,0,1,2,1,0,2,94,182,28,2
593,0,0,0,1,2,6,2,179,51,18,38,264.249,97,0,0,0,1,0,0,89,170,31,2
594,0,1,1,0,2,2,2,233,51,1,31,264.249,97,0,1,1,1,0,8,68,178,21,2
595,0,0,0,1,2,2,2,179,51,18,38,264.249,97,0,0,0,1,0,0,89,170,31,2
596,1,0,0,0,2,3,2,225,26,9,28,264.249,97,0,0,1,0,0,2,69,169,24,8
597,0,0,0,1,2,4,2,179,51,18,38,264.249,97,0,0,0,1,0,0,89,170,31,3
598,0,0,0,1,2,5,2,179,51,18,38,264.249,97,0,0,0,1,0,0,89,170,31,3
599,0,0,0,1,2,5,2,225,26,9,28,264.249,97,0,0,1,0,0,2,69,169,24,3
600,1,0,0,0,2,5,2,179,26,9,30,264.249,97,0,1,0,0,0,0,56,171,19,2
601,0,0,0,1,2,6,2,179,22,17,40,264.249,97,0,1,2,0,1,0,63,170,22,2
602,0,0,0,1,2,6,2,179,51,18,38,264.249,97,0,0,0,1,0,0,89,170,31,3
603,1,0,0,0,2,4,2,233,51,1,31,264.249,97,0,1,1,1,0,8,68,178,21,3
604,0,0,0,1,2,4,2,179,26,9,30,264.249,97,0,1,0,0,0,0,56,171,19,2
605,0,0,0,1,2,4,2,179,51,18,38,264.249,97,0,0,0,1,0,0,89,170,31,2
606,1,0,0,0,2,5,2,179,51,18,38,264.249,97,0,0,0,1,0,0,89,170,31,8
607,0,0,0,1,2,6,2,179,51,18,38,264.249,97,0,0,0,1,0,0,89,170,31,2
608,0,0,0,1,2,2,2,155,12,14,34,264.249,97,0,0,2,1,0,0,95,196,25,5
609,0,0,0,1,2,2,2,235,16,8,32,264.249,97,0,1,0,0,0,0,75,178,25,3
610,0,0,0,1,2,2,2,179,51,18,38,264.249,97,0,0,0,1,0,0,89,170,31,2
611,1,0,0,0,2,2,2,225,26,9,28,264.249,97,0,0,1,0,0,2,69,169,24,2
612,0,0,0,1,2,3,2,179,51,18,38,264.249,97,0,0,0,1,0,0,89,170,31,2
613,0,0,0,1,2,3,2,248,25,14,47,264.249,97,0,0,2,0,0,1,86,165,32,2
614,0,0,0,1,2,3,2,225,26,9,28,264.249,97,0,0,1,0,0,2,69,169,24,2
615,0,0,0,1,2,4,2,179,51,18,38,264.249,97,0,0,0,1,0,0,89,170,31,2
616,0,0,0,1,2,5,2,179,51,18,38,264.249,97,0,0,0,1,0,0,89,170,31,2
617,0,0,0,1,2,6,2,235,16,8,32,264.249,97,0,1,0,0,0,0,75,178,25,2
618,0,0,0,1,3,2,2,179,51,18,38,222.196,99,0,0,0,1,0,0,89,170,31,2
619,0,0,0,1,3,2,2,248,25,14,47,222.196,99,0,0,2,0,0,1,86,165,32,2
620,0,0,0,1,3,3,2,228,14,16,58,222.196,99,0,0,2,0,0,1,65,172,22,3
621,0,0,0,1,3,3,2,248,25,14,47,222.196,99,0,0,2,0,0,1,86,165,32,3
622,1,0,0,0,3,3,2,228,14,16,58,222.196,99,0,0,2,0,0,1,65,172,22,112
623,0,0,0,1,3,4,2,179,51,18,38,222.196,99,0,0,0,1,0,0,89,170,31,2
624,0,0,0,1,3,5,2,225,26,9,28,222.196,99,0,0,1,0,0,2,69,169,24,2
625,0,0,0,1,3,5,2,179,51,18,38,222.196,99,0,0,0,1,0,0,89,170,31,3
626,0,0,0,1,3,5,2,225,26,9,28,222.196,99,0,0,1,0,0,2,69,169,24,2
627,0,0,0,1,3,6,2,179,26,9,30,222.196,99,0,1,0,0,0,0,56,171,19,3
628,0,0,0,1,3,2,2,235,16,8,32,222.196,99,0,1,0,0,0,0,75,178,25,3
629,0,1,1,0,3,2,2,361,52,3,28,222.196,99,0,0,1,1,0,4,80,172,27,8
630,1,0,0,0,3,3,2,179,51,18,38,222.196,99,0,0,0,1,0,0,89,170,31,8
631,0,0,0,1,3,4,2,179,51,18,38,222.196,99,0,0,0,1,0,0,89,170,31,2
632,0,0,0,1,3,5,2,179,51,18,38,222.196,99,0,0,0,1,0,0,89,170,31,3
633,0,0,0,1,3,6,2,179,26,9,30,222.196,99,0,1,0,0,0,0,56,171,19,2
634,1,0,0,0,3,2,2,179,51,18,38,222.196,99,0,0,0,1,0,0,89,170,31,4
635,1,0,0,0,3,2,2,248,25,14,47,222.196,99,0,0,2,0,0,1,86,165,32,2
636,0,0,0,1,3,2,2,179,51,18,38,222.196,99,0,0,0,1,0,0,89,170,31,3
637,1,0,0,0,3,2,2,225,26,9,28,222.196,99,0,0,1,0,0,2,69,169,24,8
638,0,0,0,1,3,3,2,179,51,18,38,222.196,99,0,0,0,1,0,0,89,170,31,2
639,0,0,0,1,3,4,2,289,36,13,33,222.196,99,0,0,2,1,0,1,90,172,30,8
640,0,0,0,1,3,4,2,228,14,16,58,222.196,99,0,0,2,0,0,1,65,172,22,2
641,0,0,0,1,3,4,2,179,51,18,38,222.196,99,0,0,0,1,0,0,89,170,31,2
642,0,0,0,1,3,5,2,248,25,14,47,222.196,99,0,0,2,0,0,1,86,165,32,3
643,0,0,0,1,3,5,2,179,51,18,38,222.196,99,0,0,0,1,0,0,89,170,31,3
644,0,0,0,1,3,6,2,179,26,9,30,222.196,99,0,1,0,0,0,0,56,171,19,2
645,0,0,0,1,3,6,2,179,51,18,38,222.196,99,0,0,0,1,0,0,89,170,31,3
646,0,0,0,1,3,3,3,179,51,18,38,222.196,99,0,0,0,1,0,0,89,170,31,3
647,0,0,0,1,3,4,3,118,15,24,46,222.196,99,0,0,2,1,1,0,75,175,25,8
648,1,0,0,0,3,4,3,155,12,14,34,222.196,99,0,0,2,1,0,0,95,196,25,24
649,0,0,0,1,3,4,3,179,51,18,38,222.196,99,0,0,0,1,0,0,89,170,31,3
650,0,0,0,1,3,5,3,179,51,18,38,222.196,99,0,0,0,1,0,0,89,170,31,3
651,1,0,0,0,3,2,3,179,26,9,30,222.196,99,0,1,0,0,0,0,56,171,19,2
652,0,1,1,0,3,2,3,289,36,13,33,222.196,99,0,0,2,1,0,1,90,172,30,104
653,0,0,0,1,3,4,3,369,17,12,31,222.196,99,0,0,3,1,0,0,70,169,25,8
654,1,0,0,0,4,2,3,225,26,9,28,246.288,91,0,0,1,0,0,2,69,169,24,8
655,1,0,0,0,4,2,3,118,10,10,37,246.288,91,0,0,0,0,0,0,83,172,28,8
656,0,1,1,0,4,3,3,361,52,3,28,246.288,91,0,0,1,1,0,4,80,172,27,8
657,0,1,1,0,4,4,3,248,25,14,47,246.288,91,0,0,2,0,0,1,86,165,32,8
658,1,0,0,0,4,5,3,189,29,13,33,246.288,91,0,0,2,0,0,2,69,167,25,8
659,0,0,0,1,4,6,3,179,26,9,30,246.288,91,0,1,0,0,0,0,56,171,19,2
660,1,0,0,0,4,2,3,369,17,12,31,246.288,91,0,0,3,1,0,0,70,169,25,24
661,0,0,0,0,4,3,3,179,22,17,40,246.288,91,0,1,2,0,1,0,63,170,22,2
662,0,0,0,1,4,3,3,118,13,18,50,246.288,91,0,0,1,1,0,0,98,178,31,3
663,0,0,0,1,4,3,3,361,52,3,28,246.288,91,0,0,1,1,0,4,80,172,27,2
664,1,0,0,0,4,4,3,118,10,10,37,246.288,91,0,0,0,0,0,0,83,172,28,2
665,0,0,0,1,4,6,3,235,11,14,37,246.288,91,0,1,1,0,0,1,88,172,29,8
666,0,0,0,1,4,6,3,179,26,9,30,246.288,91,0,1,0,0,0,0,56,171,19,2
667,0,1,1,0,4,2,3,225,26,9,28,246.288,91,0,0,1,0,0,2,69,169,24,8
668,0,0,0,0,4,3,3,235,16,8,32,246.288,91,0,1,0,0,0,0,75,178,25,3
669,0,0,0,1,4,6,3,179,26,9,30,246.288,91,0,1,0,0,0,0,56,171,19,2
670,0,0,0,1,4,3,3,155,12,14,34,246.288,91,0,0,2,1,0,0,95,196,25,4
671,0,1,1,0,4,5,3,225,26,9,28,246.288,91,0,0,1,0,0,2,69,169,24,8
672,1,0,0,0,4,5,3,118,13,18,50,246.288,91,0,0,1,1,0,0,98,178,31,2
673,0,0,0,1,4,6,3,179,26,9,30,246.288,91,0,1,0,0,0,0,56,171,19,2
674,0,0,0,1,5,2,3,235,11,14,37,237.656,99,0,1,1,0,0,1,88,172,29,8
675,0,1,1,0,5,4,3,225,15,15,41,237.656,99,0,1,2,1,0,2,94,182,28,3
676,0,0,0,1,5,4,3,235,16,8,32,237.656,99,0,1,0,0,0,0,75,178,25,2
677,1,0,0,0,5,4,3,118,10,10,37,237.656,99,0,0,0,0,0,0,83,172,28,3
678,0,0,0,1,5,4,3,235,20,13,43,237.656,99,0,0,1,1,0,0,106,167,38,8
679,1,0,0,0,5,5,3,179,26,9,30,237.656,99,0,1,0,0,0,0,56,171,19,1
680,0,0,0,1,5,5,3,291,31,12,40,237.656,99,0,0,1,1,0,1,73,171,25,2
681,1,0,0,0,5,5,3,225,15,15,41,237.656,99,0,1,2,1,0,2,94,182,28,8
682,0,1,1,0,5,6,3,300,26,13,43,237.656,99,0,0,2,1,1,1,77,175,25,64
683,0,0,0,1,5,6,3,225,15,15,41,237.656,99,0,1,2,1,0,2,94,182,28,8
684,0,0,0,1,5,6,3,179,26,9,30,237.656,99,0,1,0,0,0,0,56,171,19,2
685,0,0,0,1,5,2,3,118,13,18,50,237.656,99,0,0,1,1,0,0,98,178,31,2
686,1,0,0,0,5,3,3,118,13,18,50,237.656,99,0,0,1,1,0,0,98,178,31,3
687,0,0,0,1,5,3,3,118,10,10,37,237.656,99,0,0,0,0,0,0,83,172,28,1
688,0,0,0,0,5,3,3,118,13,18,50,237.656,99,1,0,1,1,0,0,98,178,31,0
689,0,0,0,1,5,4,3,179,26,9,30,237.656,99,0,1,0,0,0,0,56,171,19,2
690,0,0,0,0,5,4,3,378,49,11,36,237.656,99,1,0,2,0,1,4,65,174,21,0
691,0,0,0,0,5,6,3,179,22,17,40,237.656,99,0,1,2,0,1,0,63,170,22,1
692,1,0,0,0,5,2,3,155,12,14,34,237.656,99,0,0,2,1,0,0,95,196,25,48
693,1,0,0,0,5,2,3,235,16,8,32,237.656,99,0,1,0,0,0,0,75,178,25,8
694,0,0,0,1,5,4,3,291,31,12,40,237.656,99,0,0,1,1,0,1,73,171,25,8
695,1,0,0,0,5,4,3,179,22,17,40,237.656,99,0,1,2,0,1,0,63,170,22,8
696,1,0,0,0,5,4,3,225,26,9,28,237.656,99,0,0,1,0,0,2,69,169,24,3
697,1,0,0,0,5,5,3,330,16,4,28,237.656,99,0,1,0,0,0,0,84,182,25,8
698,0,0,0,1,5,5,3,235,16,8,32,237.656,99,0,1,0,0,0,0,75,178,25,2
699,0,0,0,1,5,5,3,291,31,12,40,237.656,99,0,0,1,1,0,1,73,171,25,2
700,0,0,0,1,5,6,3,179,26,9,30,237.656,99,0,1,0,0,0,0,56,171,19,2
701,1,0,0,0,5,2,3,361,52,3,28,237.656,99,0,0,1,1,0,4,80,172,27,8
702,0,0,0,1,5,4,3,155,12,14,34,237.656,99,0,0,2,1,0,0,95,196,25,2
703,0,0,0,1,5,6,3,179,22,17,40,237.656,99,0,1,2,0,1,0,63,170,22,8
704,1,0,0,0,5,6,3,155,12,14,34,237.656,99,0,0,2,1,0,0,95,196,25,8
705,1,0,0,0,5,2,3,225,26,9,28,237.656,99,0,0,1,0,0,2,69,169,24,1
706,1,0,0,0,6,4,3,118,15,24,46,275.089,96,0,0,2,1,1,0,75,175,25,8
707,0,0,0,1,6,4,3,179,26,9,30,275.089,96,0,1,0,0,0,0,56,171,19,3
708,0,0,0,1,6,6,3,118,10,10,37,275.089,96,0,0,0,0,0,0,83,172,28,8
709,1,0,0,0,6,4,3,118,10,10,37,275.089,96,0,0,0,0,0,0,83,172,28,8
710,0,0,0,1,6,5,3,378,49,11,36,275.089,96,0,0,2,0,1,4,65,174,21,8
711,0,1,1,0,6,5,3,118,13,18,50,275.089,96,0,0,1,1,0,0,98,178,31,24
712,0,1,1,0,6,6,3,233,51,1,31,275.089,96,0,1,1,1,0,8,68,178,21,8
713,0,0,0,1,6,6,3,179,26,9,30,275.089,96,0,1,0,0,0,0,56,171,19,2
714,0,0,0,0,6,2,3,235,29,12,48,275.089,96,1,0,1,0,1,5,88,163,33,0
715,0,0,0,0,6,2,3,268,11,8,33,275.089,96,1,1,0,0,0,0,79,178,25,0
716,0,1,1,0,6,5,3,118,13,18,50,275.089,96,0,0,1,1,0,0,98,178,31,3
717,1,0,0,0,6,5,3,179,26,9,30,275.089,96,0,1,0,0,0,0,56,171,19,2
718,0,0,0,1,6,5,3,291,31,12,40,275.089,96,0,0,1,1,0,1,73,171,25,2
719,1,0,0,0,6,2,1,179,26,9,30,275.089,96,0,1,0,0,0,0,56,171,19,3
720,0,0,0,1,6,2,1,118,10,10,37,275.089,96,0,0,0,0,0,0,83,172,28,3
721,0,0,0,1,6,5,1,233,51,1,31,275.089,96,0,1,1,1,0,8,68,178,21,8
722,1,0,0,0,6,6,1,118,10,10,37,275.089,96,0,0,0,0,0,0,83,172,28,2
723,1,0,0,0,6,4,1,118,10,10,37,275.089,96,0,0,0,0,0,0,83,172,28,3
724,0,0,0,1,6,4,1,233,51,1,31,275.089,96,0,1,1,1,0,8,68,178,21,3
725,0,0,0,1,7,4,1,235,20,13,43,264.604,93,0,0,1,1,0,0,106,167,38,4
726,0,1,1,0,7,6,1,233,51,1,31,264.604,93,0,1,1,1,0,8,68,178,21,2
727,1,0,0,0,7,2,1,228,14,16,58,264.604,93,0,0,2,0,0,1,65,172,22,8
728,0,0,0,1,7,2,1,118,10,10,37,264.604,93,0,0,0,0,0,0,83,172,28,4
729,1,0,0,0,7,3,1,228,14,16,58,264.604,93,0,0,2,0,0,1,65,172,22,120
730,0,0,0,1,7,3,1,189,29,13,33,264.604,93,0,0,2,0,0,2,69,167,25,16
731,0,0,0,1,7,4,1,118,10,10,37,264.604,93,0,0,0,0,0,0,83,172,28,2
732,0,0,0,1,7,4,1,361,52,3,28,264.604,93,0,0,1,1,0,4,80,172,27,8
733,0,0,0,1,7,4,1,225,26,9,28,264.604,93,0,0,1,0,0,2,69,169,24,8
734,1,0,0,0,7,2,1,369,17,12,31,264.604,93,0,0,3,1,0,0,70,169,25,80
735,1,0,0,0,7,3,1,289,36,13,33,264.604,93,0,0,2,1,0,1,90,172,30,8
736,1,0,0,0,7,3,1,235,11,14,37,264.604,93,0,1,1,0,0,1,88,172,29,4
737,0,0,0,0,0,3,1,118,14,13,40,271.219,95,0,0,1,1,0,8,98,170,34,0
738,0,0,0,0,0,4,2,231,35,14,39,271.219,95,0,0,2,1,0,2,100,170,35,0
739,0,0,0,0,0,6,3,179,45,14,53,271.219,95,0,0,1,0,0,1,77,175,25,0
