reason_1,reason_2,reason_3,reason_4,month_of_absence,day_of_the_week,seasons,transportation_expense,distance_from_residence_to_work,service_time,age,work_load_average_day,hit_target,disciplinary_failure,education,son,social_drinker,social_smoker,pet,weight,height,body_mass_index,probability,prediction
0,0,0,1,7,3,1,289,36,13,33,240,97,0,0,2,1,0,1,90,172,30,0.76257,1
0,0,0,0,7,3,1,118,13,18,50,240,97,1,0,1,1,0,0,98,178,31,0.0526802,0
0,0,0,1,7,4,1,179,51,18,38,240,97,0,0,0,1,0,0,89,170,31,0.320713,0
1,0,0,0,7,5,1,279,5,14,39,240,97,0,0,2,1,1,0,68,168,24,0.955346,1
0,0,0,1,7,5,1,289,36,13,33,240,97,0,0,2,1,0,1,90,172,30,0.715548,1
0,0,0,1,7,6,1,179,51,18,38,240,97,0,0,0,1,0,0,89,170,31,0.269958,0
0,0,0,1,7,6,1,361,52,3,28,240,97,0,0,1,1,0,4,80,172,27,0.6469,1
0,0,0,1,7,6,1,260,50,11,36,240,97,0,0,4,1,0,0,65,168,23,0.771999,1
0,1,1,0,7,2,1,155,12,14,34,240,97,0,0,2,1,0,0,95,196,25,0.928541,1
0,0,0,1,7,2,1,235,11,14,37,240,97,0,1,1,0,0,1,88,172,29,0.468696,0
1,0,0,0,7,2,1,260,50,11,36,240,97,0,0,4,1,0,0,65,168,23,0.973556,1
1,0,0,0,7,3,1,260,50,11,36,240,97,0,0,4,1,0,0,65,168,23,0.970222,1
1,0,0,0,7,4,1,260,50,11,36,240,97,0,0,4,1,0,0,65,168,23,0.966483,1
1,0,0,0,7,4,1,179,51,18,38,240,97,0,0,0,1,0,0,89,170,31,0.758987,1
0,0,0,1,7,4,1,179,51,18,38,240,97,0,0,0,1,0,0,89,170,31,0.320713,0
1,0,0,0,7,6,1,246,25,16,41,240,97,0,0,0,1,0,0,67,170,23,0.771597,1
0,0,0,1,7,6,1,179,51,18,38,240,97,0,0,0,1,0,0,89,170,31,0.269958,0
0,1,1,0,7,2,1,179,51,18,38,240,97,0,0,0,1,0,0,89,170,31,0.837534,1
1,0,0,0,7,5,1,189,29,13,33,240,97,0,0,2,0,0,2,69,167,25,0.671458,1
0,0,0,1,8,4,1,248,25,14,47,206,92,0,0,2,0,0,1,86,165,32,0.52463,1
1,0,0,0,8,4,1,330,16,4,28,206,92,0,1,0,0,0,0,84,182,25,0.936625,1
1,0,0,0,8,2,1,179,51,18,38,206,92,0,0,0,1,0,0,89,170,31,0.804594,1
1,0,0,0,8,2,1,361,52,3,28,206,92,0,0,1,1,0,4,80,172,27,0.953271,1
0,0,0,1,8,6,1,260,50,11,36,206,92,0,0,4,1,0,0,65,168,23,0.776158,1
0,1,1,0,8,2,1,289,36,13,33,206,92,0,0,2,1,0,1,90,172,30,0.969496,1
0,0,0,1,8,2,1,361,52,3,28,206,92,0,0,1,1,0,4,80,172,27,0.7536,1
0,0,0,1,8,3,1,289,36,13,33,206,92,0,0,2,1,0,1,90,172,30,0.76685,1
0,0,0,1,8,4,1,157,27,6,29,206,92,0,0,0,1,1,0,75,185,22,0.512685,1
0,1,1,0,8,4,1,289,36,13,33,206,92,0,0,2,1,0,1,90,172,30,0.96138,1
0,0,0,1,8,6,1,179,51,18,38,206,92,0,0,0,1,0,0,89,170,31,0.274672,0
0,1,1,0,8,2,1,179,51,18,38,206,92,0,0,0,1,0,0,89,170,31,0.840745,1
0,1,1,0,8,5,1,235,29,12,48,206,92,0,0,1,0,1,5,88,163,33,0.770484,1
0,0,0,1,8,5,1,235,11,14,37,206,92,0,1,1,0,0,1,88,172,29,0.385066,0
0,1,1,0,8,2,1,235,29,12,48,206,92,0,0,1,0,1,5,88,163,33,0.828858,1
0,0,0,1,8,2,1,179,51,18,38,206,92,0,0,0,1,0,0,89,170,31,0.381693,0
0,0,0,1,8,2,1,361,52,3,28,206,92,0,0,1,1,0,4,80,172,27,0.7536,1
0,0,0,1,8,3,1,289,36,13,33,206,92,0,0,2,1,0,1,90,172,30,0.76685,1
1,0,0,0,8,5,1,291,50,12,32,206,92,0,0,0,1,0,0,65,169,23,0.862162,1
0,0,0,1,8,6,1,235,29,12,48,206,92,0,0,1,0,1,5,88,163,33,0.257831,0
0,0,0,1,8,6,1,260,50,11,36,206,92,0,0,4,1,0,0,65,168,23,0.776158,1
0,0,0,1,9,3,1,184,42,7,27,241,92,0,0,0,0,0,0,58,167,21,0.284689,0
0,0,0,1,9,2,1,118,10,10,37,241,92,0,0,0,0,0,0,83,172,28,0.295937,0
0,0,0,1,9,3,1,179,51,18,38,241,92,0,0,0,1,0,0,89,170,31,0.379739,0
0,1,1,0,9,3,1,235,20,13,43,241,92,0,0,1,1,0,0,106,167,38,0.967174,1
0,0,0,1,9,4,1,155,12,14,34,241,92,0,0,2,1,0,0,95,196,25,0.577294,1
0,0,0,1,9,2,1,118,10,10,37,241,92,0,0,0,0,0,0,83,172,28,0.295937,0
0,0,0,1,9,3,1,179,51,18,38,241,92,0,0,0,1,0,0,89,170,31,0.379739,0
0,0,0,1,9,5,1,291,31,12,40,241,92,0,0,1,1,0,1,73,171,25,0.608954,1
0,0,0,1,9,6,1,260,50,11,36,241,92,0,0,4,1,0,0,65,168,23,0.795321,1
1,0,0,0,9,2,4,291,31,12,40,241,92,0,0,1,1,0,1,73,171,25,0.862717,1
0,0,0,0,9,2,4,260,50,11,36,241,92,1,0,4,1,0,0,65,168,23,0.17445,0
0,0,0,0,9,2,4,225,26,9,28,241,92,1,0,1,0,0,2,69,169,24,0.0197994,0
0,0,0,1,9,3,4,225,26,9,28,241,92,0,0,1,0,0,2,69,169,24,0.183488,0
0,0,0,1,9,3,4,118,10,10,37,241,92,0,0,0,0,0,0,83,172,28,0.134948,0
0,0,0,0,9,3,4,289,36,13,33,241,92,1,0,2,1,0,1,90,172,30,0.109496,0
0,0,0,0,9,3,4,118,13,18,50,241,92,1,0,1,1,0,0,98,178,31,0.0260654,0
0,1,1,0,9,4,4,225,26,9,28,241,92,0,0,1,0,0,2,69,169,24,0.629737,1
0,0,0,1,9,4,4,179,51,18,38,241,92,0,0,0,1,0,0,89,170,31,0.185151,0
0,0,0,0,9,4,4,369,17,12,31,241,92,1,0,3,1,0,0,70,169,25,0.220868,0
0,0,0,1,9,6,4,248,25,14,47,241,92,0,0,2,0,0,1,86,165,32,0.288873,0
0,0,0,1,9,6,4,179,51,18,38,241,92,0,0,0,1,0,0,89,170,31,0.151078,0
0,0,0,1,9,6,4,260,50,11,36,241,92,0,0,4,1,0,0,65,168,23,0.619704,1
0,0,0,1,10,3,4,179,51,18,38,253,93,0,0,0,1,0,0,89,170,31,0.219929,0
0,0,0,1,10,3,4,118,10,10,37,253,93,0,0,0,0,0,0,83,172,28,0.14625,0
0,0,0,0,10,4,4,118,13,18,50,253,93,1,0,1,1,0,0,98,178,31,0.0253494,0
0,0,0,1,10,5,4,179,26,9,30,253,93,0,1,0,0,0,0,56,171,19,0.107692,0
0,0,0,1,10,6,4,179,51,18,38,253,93,0,0,0,1,0,0,89,170,31,0.163476,0
0,0,0,1,10,6,4,225,26,9,28,253,93,0,0,1,0,0,2,69,169,24,0.146063,0
0,0,0,1,10,3,4,118,10,10,37,253,93,0,0,0,0,0,0,83,172,28,0.14625,0
0,0,0,1,10,4,4,225,26,9,28,253,93,0,0,1,0,0,2,69,169,24,0.179243,0
0,0,0,1,10,4,4,248,25,14,47,253,93,0,0,2,0,0,1,86,165,32,0.362867,0
0,0,0,1,10,5,4,291,31,12,40,253,93,0,0,1,1,0,1,73,171,25,0.41763,0
0,0,0,1,10,4,4,179,51,18,38,253,93,0,0,0,1,0,0,89,170,31,0.199687,0
0,0,0,1,10,4,4,225,26,9,28,253,93,0,0,1,0,0,2,69,169,24,0.179243,0
0,1,1,0,10,5,4,260,50,11,36,253,93,0,0,4,1,0,0,65,168,23,0.945329,1
1,0,0,0,10,3,4,291,31,12,40,253,93,0,0,1,1,0,1,73,171,25,0.859296,1
0,0,0,1,10,3,4,225,26,9,28,253,93,0,0,1,0,0,2,69,169,24,0.197925,0
0,0,0,1,10,4,4,289,36,13,33,253,93,0,0,2,1,0,1,90,172,30,0.600344,1
0,0,0,1,10,6,4,361,52,3,28,253,93,0,0,1,1,0,4,80,172,27,0.491922,0
0,0,0,1,10,6,4,260,50,11,36,253,93,0,0,4,1,0,0,65,168,23,0.641499,1
0,0,0,1,11,5,4,179,51,18,38,306,93,0,0,0,1,0,0,89,170,31,0.201202,0
0,0,0,1,11,4,4,225,26,9,28,306,93,0,0,1,0,0,2,69,169,24,0.199431,0
1,0,0,0,11,5,4,179,51,18,38,306,93,0,0,0,1,0,0,89,170,31,0.626874,1
0,1,1,0,11,5,4,179,22,17,40,306,93,0,1,2,0,1,0,63,170,22,0.732544,1
0,0,0,1,11,5,4,291,31,12,40,306,93,0,0,1,1,0,1,73,171,25,0.449947,0
1,0,0,0,11,2,4,155,12,14,34,306,93,0,0,2,1,0,0,95,196,25,0.859342,1
0,0,0,1,11,2,4,189,29,13,33,306,93,0,0,2,0,0,2,69,167,25,0.210408,0
1,0,0,0,11,2,4,291,31,12,40,306,93,0,0,1,1,0,1,73,171,25,0.88728,1
0,0,0,1,11,4,4,225,26,9,28,306,93,0,0,1,0,0,2,69,169,24,0.199431,0
1,0,0,0,11,6,4,155,12,14,34,306,93,0,0,2,1,0,0,95,196,25,0.789375,1
0,0,0,1,11,4,4,225,26,9,28,306,93,0,0,1,0,0,2,69,169,24,0.199431,0
0,1,1,0,11,4,4,179,22,17,40,306,93,0,1,2,0,1,0,63,170,22,0.755791,1
1,0,0,0,11,6,4,225,26,9,28,306,93,0,0,1,0,0,2,69,169,24,0.565479,1
0,0,0,1,11,6,4,260,50,11,36,306,93,0,0,4,1,0,0,65,168,23,0.671174,1
0,0,0,1,11,2,4,248,25,14,47,306,93,0,0,2,0,0,1,86,165,32,0.453391,0
0,0,0,1,11,3,4,225,26,9,28,306,93,0,0,1,0,0,2,69,169,24,0.219653,0
1,0,0,0,11,4,4,289,36,13,33,306,93,0,0,2,1,0,1,90,172,30,0.919543,1
0,0,0,1,11,5,4,291,31,12,40,306,93,0,0,1,1,0,1,73,171,25,0.449947,0
0,0,0,1,12,3,4,248,25,14,47,261,97,0,0,2,0,0,1,86,165,32,0.43476,0
0,1,1,0,12,3,4,118,10,10,37,261,97,0,0,0,0,0,0,83,172,28,0.636487,1
0,0,0,1,12,4,4,118,13,18,50,261,97,0,0,1,1,0,0,98,178,31,0.280977,0
0,0,0,1,12,4,4,235,11,14,37,261,97,0,1,1,0,0,1,88,172,29,0.303823,0
0,0,0,1,12,5,4,225,26,9,28,261,97,0,0,1,0,0,2,69,169,24,0.187653,0
0,0,0,1,12,6,4,260,50,11,36,261,97,0,0,4,1,0,0,65,168,23,0.681395,1
0,1,1,0,12,3,4,118,10,10,37,261,97,0,0,0,0,0,0,83,172,28,0.636487,1
0,0,0,1,12,4,4,361,52,3,28,261,97,0,0,1,1,0,4,80,172,27,0.596365,1
0,0,0,1,12,5,4,225,26,9,28,261,97,0,0,1,0,0,2,69,169,24,0.187653,0
0,0,0,1,12,6,4,260,50,11,36,261,97,0,0,4,1,0,0,65,168,23,0.681395,1
0,0,0,1,12,3,4,225,26,9,28,261,97,0,0,1,0,0,2,69,169,24,0.227761,0
0,0,0,1,12,4,4,361,52,3,28,261,97,0,0,1,1,0,4,80,172,27,0.596365,1
0,0,0,1,12,6,4,118,10,10,37,261,97,0,0,0,0,0,0,83,172,28,0.12428,0
0,1,1,0,12,6,2,246,25,16,41,261,97,0,0,0,1,0,0,67,170,23,0.830021,1
0,0,0,1,12,6,2,225,26,9,28,261,97,0,0,1,0,0,2,69,169,24,0.267339,0
0,0,0,1,1,4,2,225,26,9,28,309,95,0,0,1,0,0,2,69,169,24,0.17149,0
0,1,1,0,1,2,2,118,10,10,37,309,95,0,0,0,0,0,0,83,172,28,0.61073,1
0,0,0,1,1,3,2,118,10,10,37,309,95,0,0,0,0,0,0,83,172,28,0.139681,0
0,1,1,0,1,3,2,155,12,14,34,309,95,0,0,2,1,0,0,95,196,25,0.852072,1
0,0,0,1,1,4,2,225,26,9,28,309,95,0,0,1,0,0,2,69,169,24,0.17149,0
0,0,0,1,1,5,2,184,42,7,27,309,95,0,0,0,0,0,0,58,167,21,0.11976,0
0,0,0,1,1,5,2,225,26,9,28,309,95,0,0,1,0,0,2,69,169,24,0.154822,0
0,0,0,1,1,6,2,225,26,9,28,309,95,0,0,1,0,0,2,69,169,24,0.139501,0
0,0,0,1,1,2,2,118,10,10,37,309,95,0,0,0,0,0,0,83,172,28,0.155018,0
0,0,0,1,1,3,2,225,26,9,28,309,95,0,0,1,0,0,2,69,169,24,0.18955,0
0,0,0,1,1,3,2,118,10,10,37,309,95,0,0,0,0,0,0,83,172,28,0.139681,0
0,0,0,1,1,4,2,118,10,10,37,309,95,0,0,0,0,0,0,83,172,28,0.125636,0
0,0,0,1,1,5,2,118,10,10,37,309,95,0,0,0,0,0,0,83,172,28,0.112817,0
0,0,0,1,1,6,2,118,10,10,37,309,95,0,0,0,0,0,0,83,172,28,0.101156,0
0,0,0,1,1,2,2,118,10,10,37,309,95,0,0,0,0,0,0,83,172,28,0.155018,0
0,0,0,1,1,3,2,118,10,10,37,309,95,0,0,0,0,0,0,83,172,28,0.139681,0
0,1,1,0,1,3,2,179,26,9,30,309,95,0,1,0,0,0,0,56,171,19,0.555356,1
0,1,1,0,1,3,2,289,36,13,33,309,95,0,0,2,1,0,1,90,172,30,0.932239,1
0,0,0,1,1,4,2,118,10,10,37,309,95,0,0,0,0,0,0,83,172,28,0.125636,0
0,0,0,1,1,5,2,184,42,7,27,309,95,0,0,0,0,0,0,58,167,21,0.11976,0
0,0,0,1,1,5,2,118,10,10,37,309,95,0,0,0,0,0,0,83,172,28,0.112817,0
0,0,0,1,1,2,2,118,10,10,37,309,95,0,0,0,0,0,0,83,172,28,0.155018,0
0,0,0,1,1,3,2,225,26,9,28,309,95,0,0,1,0,0,2,69,169,24,0.18955,0
0,0,0,1,1,5,2,289,36,13,33,309,95,0,0,2,1,0,1,90,172,30,0.557521,1
0,0,0,1,2,6,2,184,42,7,27,303,99,0,0,0,0,0,0,58,167,21,0.116068,0
1,0,0,0,2,4,2,246,25,16,41,303,99,0,0,0,1,0,0,67,170,23,0.702031,1
1,0,0,0,2,4,2,179,51,18,38,303,99,0,0,0,1,0,0,89,170,31,0.632377,1
0,0,0,1,2,5,2,155,12,14,34,303,99,0,0,2,1,0,0,95,196,25,0.365199,0
0,0,0,1,2,5,2,189,29,13,33,303,99,0,0,2,0,0,2,69,167,25,0.143374,0
0,0,0,1,2,6,2,260,50,11,36,303,99,0,0,4,1,0,0,65,168,23,0.649064,1
0,0,0,1,2,6,2,289,36,13,33,303,99,0,0,2,1,0,1,90,172,30,0.548747,1
1,0,0,0,2,2,2,388,15,9,50,303,99,0,0,0,0,0,0,76,178,24,0.912859,1
1,0,0,0,2,3,2,388,15,9,50,303,99,0,0,0,0,0,0,76,178,24,0.902638,1
0,0,0,1,2,2,2,225,26,9,28,303,99,0,0,1,0,0,2,69,169,24,0.223725,0
0,0,0,1,2,3,2,225,26,9,28,303,99,0,0,1,0,0,2,69,169,24,0.203225,0
0,0,0,1,2,3,2,179,26,9,30,303,99,0,1,0,0,0,0,56,171,19,0.13739,0
0,0,0,1,2,3,2,184,42,7,27,303,99,0,0,0,0,0,0,58,167,21,0.159267,0
0,0,0,1,2,5,2,225,26,9,28,303,99,0,0,1,0,0,2,69,169,24,0.166505,0
0,1,1,0,2,2,2,330,16,4,28,303,99,0,1,0,0,0,0,84,182,25,0.928082,1
0,0,0,1,2,3,2,330,16,4,28,303,99,0,1,0,0,0,0,84,182,25,0.571817,1
0,0,0,1,2,4,2,225,26,9,28,303,99,0,0,1,0,0,2,69,169,24,0.184158,0
0,1,1,0,2,5,2,189,29,13,33,303,99,0,0,2,0,0,2,69,167,25,0.588703,1
0,0,0,1,3,3,2,291,50,12,32,343,95,0,0,0,1,0,0,65,169,23,0.414675,0
0,1,1,0,3,3,2,260,50,11,36,343,95,0,0,4,1,0,0,65,168,23,0.961996,1
0,1,1,0,3,3,2,157,27,6,29,343,95,0,0,0,1,1,0,75,185,22,0.857457,1
0,0,0,0,3,3,2,179,22,17,40,343,95,0,1,2,0,1,0,63,170,22,0.32129,0
0,0,0,1,3,4,2,291,31,12,40,343,95,0,0,1,1,0,1,73,171,25,0.481623,0
1,0,0,0,3,4,2,260,50,11,36,343,95,0,0,4,1,0,0,65,168,23,0.945866,1
1,0,0,0,3,5,2,179,26,9,30,343,95,0,1,0,0,0,0,56,171,19,0.479984,0
1,0,0,0,3,6,2,248,25,14,47,343,95,0,0,2,0,0,1,86,165,32,0.773318,1
1,0,0,0,3,6,2,260,50,11,36,343,95,0,0,4,1,0,0,65,168,23,0.931903,1
1,0,0,0,3,2,2,179,22,17,40,343,95,0,1,2,0,1,0,63,170,22,0.755973,1
1,0,0,0,3,2,2,155,12,14,34,343,95,0,0,2,1,0,0,95,196,25,0.859966,1
0,0,0,1,3,2,2,260,50,11,36,343,95,0,0,4,1,0,0,65,168,23,0.769829,1
1,0,0,0,3,3,2,155,12,14,34,343,95,0,0,2,1,0,0,95,196,25,0.844597,1
1,0,0,0,3,5,2,289,36,13,33,343,95,0,0,2,1,0,1,90,172,30,0.910451,1
1,0,0,0,3,5,2,179,22,17,40,343,95,0,1,2,0,1,0,63,170,22,0.682269,1
0,0,0,1,3,6,2,260,50,11,36,343,95,0,0,4,1,0,0,65,168,23,0.672314,1
0,0,0,1,3,6,2,225,26,9,28,343,95,0,0,1,0,0,2,69,169,24,0.163964,0
1,0,0,0,3,2,2,279,5,14,39,343,95,0,0,2,1,1,0,68,168,24,0.949246,1
1,0,0,0,3,3,2,179,51,18,38,343,95,0,0,0,1,0,0,89,170,31,0.683162,1
0,0,0,1,3,4,2,225,26,9,28,343,95,0,0,1,0,0,2,69,169,24,0.200258,0
1,0,0,0,3,2,3,225,26,9,28,343,95,0,0,1,0,0,2,69,169,24,0.614818,1
1,0,0,0,3,2,3,179,26,9,30,343,95,0,1,0,0,0,0,56,171,19,0.499183,0
1,0,0,0,3,3,3,225,26,9,28,343,95,0,0,1,0,0,2,69,169,24,0.585512,1
1,0,0,0,3,4,3,225,26,9,28,343,95,0,0,1,0,0,2,69,169,24,0.555587,1
1,0,0,0,3,4,3,179,51,18,38,343,95,0,0,0,1,0,0,89,170,31,0.588193,1
1,0,0,0,3,5,3,279,5,14,39,343,95,0,0,2,1,1,0,68,168,24,0.906574,1
0,0,0,1,3,6,3,225,26,9,28,343,95,0,0,1,0,0,2,69,169,24,0.128007,0
1,0,0,0,3,6,3,248,25,14,47,343,95,0,0,2,0,0,1,86,165,32,0.718589,1
0,0,0,1,3,2,3,225,26,9,28,343,95,0,0,1,0,0,2,69,169,24,0.193096,0
0,0,0,1,4,4,3,291,31,12,40,326,96,0,0,1,1,0,1,73,171,25,0.425772,0
0,0,0,1,4,4,3,225,26,9,28,326,96,0,0,1,0,0,2,69,169,24,0.166552,0
0,0,0,1,4,3,3,155,12,14,34,326,96,0,0,2,1,0,0,95,196,25,0.394039,0
1,0,0,0,4,4,3,246,25,16,41,326,96,0,0,0,1,0,0,67,170,23,0.675935,1
0,0,0,1,4,5,3,155,12,14,34,326,96,0,0,2,1,0,0,95,196,25,0.337445,0
0,0,0,1,4,6,3,225,26,9,28,326,96,0,0,1,0,0,2,69,169,24,0.135333,0
0,0,0,1,4,6,3,260,50,11,36,326,96,0,0,4,1,0,0,65,168,23,0.620834,1
1,0,0,0,4,4,3,179,51,18,38,326,96,0,0,0,1,0,0,89,170,31,0.603625,1
0,0,0,1,4,5,3,118,13,18,50,326,96,0,0,1,1,0,0,98,178,31,0.209343,0
0,0,0,1,4,6,3,291,31,12,40,326,96,0,0,1,1,0,1,73,171,25,0.367383,0
1,0,0,0,4,6,3,246,25,16,41,326,96,0,0,0,1,0,0,67,170,23,0.620298,1
0,0,0,1,4,6,3,291,31,12,40,326,96,0,0,1,1,0,1,73,171,25,0.367383,0
0,0,0,1,4,6,3,248,25,14,47,326,96,0,0,2,0,0,1,86,165,32,0.28986,0
0,1,1,0,4,6,3,260,50,11,36,326,96,0,0,4,1,0,0,65,168,23,0.933345,1
0,1,1,0,4,3,3,289,36,13,33,326,96,0,0,2,1,0,1,90,172,30,0.929983,1
1,0,0,0,4,4,3,155,12,14,34,326,96,0,0,2,1,0,0,95,196,25,0.793326,1
0,1,1,0,4,4,3,378,49,11,36,326,96,0,0,2,0,1,4,65,174,21,0.850388,1
1,0,0,0,4,5,3,289,36,13,33,326,96,0,0,2,1,0,1,90,172,30,0.890277,1
1,0,0,0,4,6,3,235,11,14,37,326,96,0,1,1,0,0,1,88,172,29,0.635765,1
0,0,0,0,4,2,3,235,29,12,48,326,96,1,0,1,0,1,5,88,163,33,0.0208302,0
1,0,0,0,5,4,3,289,36,13,33,379,92,0,0,2,1,0,1,90,172,30,0.911455,1
0,0,0,1,5,5,3,155,12,14,34,379,92,0,0,2,1,0,0,95,196,25,0.3638,0
0,0,0,1,5,2,3,155,12,14,34,379,92,0,0,2,1,0,0,95,196,25,0.452048,0
0,1,1,0,5,3,3,179,51,18,38,379,92,0,0,0,1,0,0,89,170,31,0.712402,1
0,1,1,0,5,3,3,225,26,9,28,379,92,0,0,1,0,0,2,69,169,24,0.684353,1
1,0,0,0,5,4,3,184,42,7,27,379,92,0,0,0,0,0,0,58,167,21,0.526407,1
0,0,0,1,5,2,3,155,12,14,34,379,92,0,0,2,1,0,0,95,196,25,0.452048,0
1,0,0,0,5,3,3,179,51,18,38,379,92,0,0,0,1,0,0,89,170,31,0.658936,1
1,0,0,0,5,4,3,289,36,13,33,379,92,0,0,2,1,0,1,90,172,30,0.911455,1
0,0,0,0,5,4,3,279,5,14,39,379,92,1,0,2,1,1,0,68,168,24,0.135351,0
0,0,0,0,5,4,3,330,16,4,28,379,92,1,1,0,0,0,0,84,182,25,0.0854637,0
0,0,0,0,5,4,3,378,49,11,36,379,92,1,0,2,0,1,4,65,174,21,0.0560361,0
0,0,0,0,5,4,3,388,15,9,50,379,92,1,0,0,0,0,0,76,178,24,0.0886419,0
1,0,0,0,5,3,3,179,51,18,38,379,92,0,0,0,1,0,0,89,170,31,0.658936,1
1,0,0,0,5,4,3,118,13,18,50,379,92,0,0,1,1,0,0,98,178,31,0.691405,1
0,0,0,1,5,6,3,361,52,3,28,379,92,0,0,1,1,0,4,80,172,27,0.498674,0
0,1,1,0,6,2,3,246,25,16,41,378,94,0,0,0,1,0,0,67,170,23,0.806525,1
0,0,0,1,6,2,3,361,52,3,28,378,94,0,0,1,1,0,4,80,172,27,0.638106,1
1,0,0,0,6,3,3,246,25,16,41,378,94,0,0,0,1,0,0,67,170,23,0.742096,1
0,0,0,1,6,5,3,291,31,12,40,378,94,0,0,1,1,0,1,73,171,25,0.444796,0
1,0,0,0,6,6,3,246,25,16,41,378,94,0,0,0,1,0,0,67,170,23,0.666052,1
1,0,0,0,6,2,3,179,51,18,38,378,94,0,0,0,1,0,0,89,170,31,0.7036,1
0,0,0,1,6,2,3,155,12,14,34,378,94,0,0,2,1,0,0,95,196,25,0.472871,0
1,0,0,0,6,2,3,246,25,16,41,378,94,0,0,0,1,0,0,67,170,23,0.764779,1
1,0,0,0,6,4,3,118,13,18,50,378,94,0,0,1,1,0,0,98,178,31,0.708988,1
1,0,0,0,6,6,3,235,11,14,37,378,94,0,1,1,0,0,1,88,172,29,0.680615,1
0,0,0,1,6,3,3,118,13,18,50,378,94,0,0,1,1,0,0,98,178,31,0.292146,0
1,0,0,0,6,4,3,118,13,18,50,378,94,0,0,1,1,0,0,98,178,31,0.708988,1
0,0,0,1,6,5,3,378,49,11,36,378,94,0,0,2,0,1,4,65,174,21,0.417972,0
1,0,0,0,6,6,3,179,51,18,38,378,94,0,0,0,1,0,0,89,170,31,0.592866,1
0,0,0,1,6,2,1,289,48,29,49,378,94,0,0,0,0,0,2,108,172,36,0.253426,0
0,0,0,1,6,5,1,225,26,9,28,378,94,0,0,1,0,0,2,69,169,24,0.278177,0
0,1,1,0,7,3,1,155,12,14,34,275,98,0,0,2,1,0,0,95,196,25,0.922927,1
1,0,0,0,7,4,1,118,13,18,50,275,98,0,0,1,1,0,0,98,178,31,0.811213,1
1,0,0,0,7,6,1,118,10,10,37,275,98,0,0,0,0,0,0,83,172,28,0.609456,1
0,0,0,1,7,6,1,118,10,10,37,275,98,0,0,0,0,0,0,83,172,28,0.189602,0
0,0,0,1,7,3,1,330,16,4,28,275,98,0,1,0,0,0,0,84,182,25,0.717976,1
0,1,1,0,7,5,1,179,26,9,30,275,98,0,1,0,0,0,0,56,171,19,0.670367,1
0,0,0,1,7,6,1,155,12,14,34,275,98,0,0,2,1,0,0,95,196,25,0.492535,0
1,0,0,0,7,2,1,330,16,4,28,275,98,0,1,0,0,0,0,84,182,25,0.950463,1
1,0,0,0,7,3,1,330,16,4,28,275,98,0,1,0,0,0,0,84,182,25,0.944384,1
0,0,0,1,7,2,1,157,27,6,29,275,98,0,0,0,1,1,0,75,185,22,0.577318,1
0,0,0,1,7,3,1,361,52,3,28,275,98,0,0,1,1,0,4,80,172,27,0.733494,1
0,0,0,1,7,4,1,289,36,13,33,275,98,0,0,2,1,0,1,90,172,30,0.747463,1
0,0,0,1,7,5,1,179,51,18,38,275,98,0,0,0,1,0,0,89,170,31,0.303181,0
0,1,1,0,7,2,1,289,36,13,33,275,98,0,0,2,1,0,1,90,172,30,0.969986,1
0,1,1,0,7,5,1,289,36,13,33,275,98,0,0,2,1,0,1,90,172,30,0.957267,1
0,0,0,0,7,5,1,260,50,11,36,275,98,1,0,4,1,0,0,65,168,23,0.240651,0
0,1,1,0,8,6,1,289,36,13,33,266,94,0,0,2,1,0,1,90,172,30,0.954309,1
0,1,1,0,8,6,1,157,27,6,29,266,94,0,0,0,1,1,0,75,185,22,0.883026,1
0,0,0,1,8,2,1,289,36,13,33,266,94,0,0,2,1,0,1,90,172,30,0.79925,1
0,1,1,0,8,3,1,228,14,16,58,266,94,0,0,2,0,0,1,65,172,22,0.851396,1
1,0,0,0,8,5,1,300,26,13,43,266,94,0,0,2,1,1,1,77,175,25,0.961901,1
1,0,0,0,8,5,1,300,26,13,43,266,94,0,0,2,1,1,1,77,175,25,0.961901,1
0,0,0,1,8,6,1,260,50,11,36,266,94,0,0,4,1,0,0,65,168,23,0.78789,1
0,0,0,1,8,3,1,289,36,13,33,266,94,0,0,2,1,0,1,90,172,30,0.778931,1
0,0,0,1,8,4,1,248,25,14,47,266,94,0,0,2,0,0,1,86,165,32,0.541762,1
1,0,0,0,8,5,1,268,11,8,33,266,94,0,1,0,0,0,0,79,178,25,0.85788,1
0,0,0,1,8,5,1,179,26,9,30,266,94,0,1,0,0,0,0,56,171,19,0.200343,0
1,0,0,0,8,5,1,118,13,18,50,266,94,0,0,1,1,0,0,98,178,31,0.800256,1
0,0,0,1,8,2,1,248,25,14,47,266,94,0,0,2,0,0,1,86,165,32,0.601514,1
0,0,0,1,8,3,1,235,11,14,37,266,94,0,1,1,0,0,1,88,172,29,0.461346,0
0,0,0,1,8,5,1,118,13,18,50,266,94,0,0,1,1,0,0,98,178,31,0.375257,0
0,1,1,0,8,5,1,235,11,14,37,266,94,0,1,1,0,0,1,88,172,29,0.85156,1
1,0,0,0,8,3,1,361,52,3,28,266,94,0,0,1,1,0,4,80,172,27,0.950837,1
1,0,0,0,8,4,1,184,42,7,27,266,94,0,0,0,0,0,0,58,167,21,0.691916,1
1,0,0,0,9,2,1,179,51,18,38,294,81,0,0,0,1,0,0,89,170,31,0.823595,1
0,0,0,1,9,6,1,179,51,18,38,294,81,0,0,0,1,0,0,89,170,31,0.300397,0
0,1,1,0,9,4,1,289,36,13,33,294,81,0,0,2,1,0,1,90,172,30,0.965783,1
0,0,0,0,9,5,1,235,20,13,43,294,81,1,0,1,1,0,0,106,167,38,0.178439,0
1,0,0,0,9,2,1,246,25,16,41,294,81,0,0,0,1,0,0,67,170,23,0.864766,1
0,0,0,1,9,3,1,291,31,12,40,294,81,0,0,1,1,0,1,73,171,25,0.667968,1
0,0,0,0,9,3,1,231,35,14,39,294,81,1,0,2,1,0,2,100,170,35,0.144541,0
0,0,0,0,9,3,1,291,50,12,32,294,81,1,0,0,1,0,0,65,169,23,0.0974689,0
1,0,0,0,9,4,1,179,51,18,38,294,81,0,0,0,1,0,0,89,170,31,0.785255,1
1,0,0,0,9,4,1,246,25,16,41,294,81,0,0,0,1,0,0,67,170,23,0.833566,1
0,0,0,1,9,5,1,179,51,18,38,294,81,0,0,0,1,0,0,89,170,31,0.32668,0
0,0,0,1,9,6,1,291,31,12,40,294,81,0,0,1,1,0,1,73,171,25,0.582368,1
0,0,0,1,9,6,1,260,50,11,36,294,81,0,0,4,1,0,0,65,168,23,0.797227,1
0,0,0,1,9,4,4,235,20,13,43,294,81,0,0,1,1,0,0,106,167,38,0.564042,1
0,0,0,1,9,5,4,118,13,18,50,294,81,0,0,1,1,0,0,98,178,31,0.210496,0
0,0,0,0,9,5,4,235,20,13,43,294,81,1,0,1,1,0,0,106,167,38,0.0834807,0
0,0,0,1,9,6,4,291,31,12,40,294,81,0,0,1,1,0,1,73,171,25,0.369001,0
1,0,0,0,9,2,4,291,31,12,40,294,81,0,0,1,1,0,1,73,171,25,0.864104,1
1,0,0,0,9,2,4,179,51,18,38,294,81,0,0,0,1,0,0,89,170,31,0.661925,1
0,0,0,1,10,2,4,289,36,13,33,265,88,0,0,2,1,0,1,90,172,30,0.655624,1
0,0,0,1,10,2,4,235,11,14,37,265,88,0,1,1,0,0,1,88,172,29,0.316367,0
0,0,0,1,10,2,4,289,36,13,33,265,88,0,0,2,1,0,1,90,172,30,0.655624,1
0,0,0,1,10,6,4,289,36,13,33,265,88,0,0,2,1,0,1,90,172,30,0.538717,1
0,0,0,0,10,6,4,118,13,18,50,265,88,1,0,1,1,0,0,98,178,31,0.01982,0
0,0,0,0,10,6,4,248,25,14,47,265,88,1,0,2,0,0,1,86,165,32,0.0340249,0
1,0,0,0,10,2,4,179,26,9,30,265,88,0,1,0,0,0,0,56,171,19,0.535496,1
1,0,0,0,10,2,4,118,10,10,37,265,88,0,0,0,0,0,0,83,172,28,0.561708,1
0,0,0,1,10,2,4,369,17,12,31,265,88,0,0,3,1,0,0,70,169,25,0.832201,1
0,0,0,1,10,4,4,179,51,18,38,265,88,0,0,0,1,0,0,89,170,31,0.19851,0
1,0,0,0,10,4,4,179,26,9,30,265,88,0,1,0,0,0,0,56,171,19,0.474493,0
0,0,0,0,10,4,4,235,20,13,43,265,88,1,0,1,1,0,0,106,167,38,0.0998086,0
0,1,1,0,10,5,4,289,36,13,33,265,88,0,0,2,1,0,1,90,172,30,0.918602,1
0,0,0,1,10,6,4,260,50,11,36,265,88,0,0,4,1,0,0,65,168,23,0.639799,1
0,0,0,0,10,6,4,235,20,13,43,265,88,1,0,1,1,0,0,106,167,38,0.0799011,0
0,0,0,1,10,2,4,235,20,13,43,265,88,0,0,1,1,0,0,106,167,38,0.640231,1
0,0,0,1,10,2,4,235,20,13,43,265,88,0,0,1,1,0,0,106,167,38,0.640231,1
0,0,0,1,10,3,4,118,13,18,50,265,88,0,0,1,1,0,0,98,178,31,0.268322,0
0,0,0,1,10,3,4,291,31,12,40,265,88,0,0,1,1,0,1,73,171,25,0.476131,0
0,0,0,1,10,5,4,179,26,9,30,265,88,0,1,0,0,0,0,56,171,19,0.106985,0
0,0,0,1,10,5,4,118,13,18,50,265,88,0,0,1,1,0,0,98,178,31,0.223135,0
1,0,0,0,10,2,4,361,52,3,28,265,88,0,0,1,1,0,4,80,172,27,0.912664,1
0,0,0,0,10,3,4,260,50,11,36,265,88,1,0,4,1,0,0,65,168,23,0.16933,0
0,0,0,0,10,3,4,291,31,12,40,265,88,1,0,1,1,0,1,73,171,25,0.067425,0
0,0,0,0,10,3,4,157,27,6,29,265,88,1,0,0,1,1,0,75,185,22,0.0462039,0
1,0,0,0,10,4,4,179,26,9,30,265,88,0,1,0,0,0,0,56,171,19,0.474493,0
1,0,0,0,10,4,4,179,26,9,30,265,88,0,1,0,0,0,0,56,171,19,0.474493,0
0,0,0,1,10,5,4,118,13,18,50,265,88,0,0,1,1,0,0,98,178,31,0.223135,0
1,0,0,0,11,2,4,118,10,10,37,284,97,0,0,0,0,0,0,83,172,28,0.59378,1
0,0,0,1,11,2,4,248,25,14,47,284,97,0,0,2,0,0,1,86,165,32,0.451536,0
1,0,0,0,11,3,4,179,51,18,38,284,97,0,0,0,1,0,0,89,170,31,0.680416,1
0,0,0,1,11,6,4,260,50,11,36,284,97,0,0,4,1,0,0,65,168,23,0.669519,1
0,0,0,1,11,2,4,291,31,12,40,284,97,0,0,1,1,0,1,73,171,25,0.539452,1
1,0,0,0,11,2,4,378,49,11,36,284,97,0,0,2,0,1,4,65,174,21,0.875052,1
1,0,0,0,11,2,4,155,12,14,34,284,97,0,0,2,1,0,0,95,196,25,0.858435,1
0,0,0,1,11,2,4,235,20,13,43,284,97,0,0,1,1,0,0,106,167,38,0.669934,1
0,0,0,0,11,3,4,330,16,4,28,284,97,1,1,0,0,0,0,84,182,25,0.104235,0
0,1,1,0,11,4,4,235,11,14,37,284,97,0,1,1,0,0,1,88,172,29,0.77951,1
1,0,0,0,11,4,4,118,10,10,37,284,97,0,0,0,0,0,0,83,172,28,0.533768,1
0,0,0,1,11,5,4,235,11,14,37,284,97,0,1,1,0,0,1,88,172,29,0.26786,0
0,0,0,1,11,5,4,179,51,18,38,284,97,0,0,0,1,0,0,89,170,31,0.200002,0
1,0,0,0,11,6,4,246,25,16,41,284,97,0,0,0,1,0,0,67,170,23,0.669015,1
1,0,0,0,11,6,4,291,31,12,40,284,97,0,0,1,1,0,1,73,171,25,0.827368,1
1,0,0,0,11,2,4,246,25,16,41,284,97,0,0,0,1,0,0,67,170,23,0.767172,1
0,0,0,1,11,3,4,179,51,18,38,284,97,0,0,0,1,0,0,89,170,31,0.241964,0
1,0,0,0,11,4,4,260,50,11,36,284,97,0,0,4,1,0,0,65,168,23,0.945214,1
0,0,0,0,11,6,4,260,50,11,36,284,97,0,0,4,1,0,0,65,168,23,0.699986,1
0,0,0,0,11,6,4,378,49,11,36,284,97,1,0,2,0,1,4,65,174,21,0.0487392,0
0,0,0,0,11,3,4,279,5,14,39,284,97,1,0,2,1,1,0,68,168,24,0.163126,0
0,0,0,1,11,5,4,179,51,18,38,284,97,0,0,0,1,0,0,89,170,31,0.200002,0
1,0,0,0,12,2,4,225,26,9,28,237,93,0,0,1,0,0,2,69,169,24,0.680952,1
0,0,0,1,12,2,4,179,51,18,38,237,93,0,0,0,1,0,0,89,170,31,0.267716,0
0,0,0,1,12,2,4,179,51,18,38,237,93,0,0,0,1,0,0,89,170,31,0.267716,0
0,0,0,1,12,2,4,235,11,14,37,237,93,0,1,1,0,0,1,88,172,29,0.348539,0
0,0,0,1,12,3,4,118,13,18,50,237,93,0,0,1,1,0,0,98,178,31,0.297736,0
0,0,0,1,12,6,4,260,50,11,36,237,93,0,0,4,1,0,0,65,168,23,0.672506,1
1,0,0,0,12,5,4,246,25,16,41,237,93,0,0,0,1,0,0,67,170,23,0.698346,1
0,0,0,1,12,5,4,179,51,18,38,237,93,0,0,0,1,0,0,89,170,31,0.202175,0
0,0,0,1,12,6,4,179,51,18,38,237,93,0,0,0,1,0,0,89,170,31,0.183184,0
0,0,0,1,12,3,4,179,26,9,30,237,93,0,1,0,0,0,0,56,171,19,0.150265,0
0,0,0,1,12,3,4,118,10,10,37,237,93,0,0,0,0,0,0,83,172,28,0.16429,0
0,0,0,1,12,5,4,235,11,14,37,237,93,0,1,1,0,0,1,88,172,29,0.270522,0
0,0,0,1,12,6,4,179,51,18,38,237,93,0,0,0,1,0,0,89,170,31,0.183184,0
1,0,0,0,12,3,2,235,20,13,43,237,93,0,0,1,1,0,0,106,167,38,0.955901,1
1,0,0,0,12,3,2,235,11,14,37,237,93,0,1,1,0,0,1,88,172,29,0.849326,1
0,0,0,1,12,4,2,260,50,11,36,237,93,0,0,4,1,0,0,65,168,23,0.823932,1
0,0,0,1,12,2,2,157,27,6,29,237,93,0,0,0,1,1,0,75,185,22,0.586752,1
0,0,0,1,12,2,2,179,51,18,38,237,93,0,0,0,1,0,0,89,170,31,0.394865,0
0,1,1,0,12,2,2,289,36,13,33,237,93,0,0,2,1,0,1,90,172,30,0.971095,1
0,0,0,1,1,4,2,225,26,9,28,330,100,0,0,1,0,0,2,69,169,24,0.177424,0
0,1,1,0,1,2,2,118,10,10,37,330,100,0,0,0,0,0,0,83,172,28,0.62048,1
0,0,0,1,1,2,2,155,12,14,34,330,100,0,0,2,1,0,0,95,196,25,0.442301,0
1,0,0,0,1,3,2,235,11,14,37,330,100,0,1,1,0,0,1,88,172,29,0.731039,1
0,0,0,1,1,3,2,155,12,14,34,330,100,0,0,2,1,0,0,95,196,25,0.412413,0
0,0,0,1,1,2,2,289,36,13,33,330,100,0,0,2,1,0,1,90,172,30,0.654486,1
1,0,0,0,1,4,2,291,31,12,40,330,100,0,0,1,1,0,1,73,171,25,0.842224,1
0,0,0,1,1,2,2,235,20,13,43,330,100,0,0,1,1,0,0,106,167,38,0.639071,1
0,0,0,1,1,2,2,118,13,18,50,330,100,0,0,1,1,0,0,98,178,31,0.291932,0
0,0,0,1,1,4,2,179,51,18,38,330,100,0,0,0,1,0,0,89,170,31,0.19771,0
0,0,0,1,1,6,2,179,51,18,38,330,100,0,0,0,1,0,0,89,170,31,0.161785,0
0,0,0,1,2,3,2,118,10,10,37,252,96,0,0,0,0,0,0,83,172,28,0.142486,0
0,0,0,1,2,4,2,179,51,18,38,252,96,0,0,0,1,0,0,89,170,31,0.194861,0
1,0,0,0,2,4,2,225,26,9,28,252,96,0,0,1,0,0,2,69,169,24,0.585566,1
0,0,0,1,2,6,2,289,36,13,33,252,96,0,0,2,1,0,1,90,172,30,0.532972,1
0,0,0,1,2,6,2,260,50,11,36,252,96,0,0,4,1,0,0,65,168,23,0.634459,1
0,0,0,1,2,6,2,179,51,18,38,252,96,0,0,0,1,0,0,89,170,31,0.15935,0
0,0,0,1,2,2,2,179,51,18,38,252,96,0,0,0,1,0,0,89,170,31,0.236062,0
0,0,0,1,2,4,2,179,51,18,38,252,96,0,0,0,1,0,0,89,170,31,0.194861,0
1,0,0,0,2,5,2,179,51,18,38,252,96,0,0,0,1,0,0,89,170,31,0.588248,1
0,0,0,1,2,5,2,246,25,16,41,252,96,0,0,0,1,0,0,67,170,23,0.226823,0
0,0,0,1,2,6,2,179,51,18,38,252,96,0,0,0,1,0,0,89,170,31,0.15935,0
0,0,0,1,2,2,2,189,29,13,33,252,96,0,0,2,0,0,2,69,167,25,0.184738,0
0,0,0,1,2,2,2,179,51,18,38,252,96,0,0,0,1,0,0,89,170,31,0.236062,0
0,0,0,1,2,3,2,246,25,16,41,252,96,0,0,0,1,0,0,67,170,23,0.272495,0
0,0,0,1,2,3,2,291,31,12,40,252,96,0,0,1,1,0,1,73,171,25,0.470373,0
1,0,0,0,2,4,2,157,27,6,29,252,96,0,0,0,1,1,0,75,185,22,0.778398,1
0,0,0,1,2,4,2,179,51,18,38,252,96,0,0,0,1,0,0,89,170,31,0.194861,0
0,0,0,1,2,6,2,179,51,18,38,252,96,0,0,0,1,0,0,89,170,31,0.15935,0
1,0,0,0,2,6,2,246,25,16,41,252,96,0,0,0,1,0,0,67,170,23,0.633931,1
0,0,0,1,2,4,2,179,51,18,38,252,96,0,0,0,1,0,0,89,170,31,0.194861,0
0,0,0,1,2,6,2,179,51,18,38,252,96,0,0,0,1,0,0,89,170,31,0.15935,0
0,1,1,0,3,3,2,118,10,10,37,244,98,0,0,0,0,0,0,83,172,28,0.605607,1
0,1,1,0,3,4,2,246,25,16,41,244,98,0,0,0,1,0,0,67,170,23,0.753898,1
0,0,0,1,3,6,2,246,25,16,41,244,98,0,0,0,1,0,0,67,170,23,0.21909,0
0,0,0,1,3,6,2,260,50,11,36,244,98,0,0,4,1,0,0,65,168,23,0.652246,1
0,0,0,1,3,2,2,179,51,18,38,244,98,0,0,0,1,0,0,89,170,31,0.250329,0
0,0,0,1,3,2,2,235,11,14,37,244,98,0,1,1,0,0,1,88,172,29,0.328256,0
0,0,0,1,3,3,2,179,22,17,40,244,98,0,1,2,0,1,0,63,170,22,0.273127,0
0,0,0,1,3,3,2,378,49,11,36,244,98,0,0,2,0,1,4,65,174,21,0.462446,0
0,0,0,1,3,2,2,179,51,18,38,244,98,0,0,0,1,0,0,89,170,31,0.250329,0
0,0,0,1,3,4,2,361,52,3,28,244,98,0,0,1,1,0,4,80,172,27,0.564409,1
0,0,0,0,3,4,2,369,17,12,31,244,98,1,0,3,1,0,0,70,169,25,0.246015,0
0,1,1,0,3,5,2,235,11,14,37,244,98,0,1,1,0,0,1,88,172,29,0.74337,1
0,0,0,1,3,6,3,118,13,18,50,244,98,0,0,1,1,0,0,98,178,31,0.167298,0
1,0,0,0,3,3,3,118,13,18,50,244,98,0,0,1,1,0,0,98,178,31,0.659089,1
1,0,0,0,3,4,3,118,13,18,50,244,98,0,0,1,1,0,0,98,178,31,0.63113,1
0,0,0,0,3,5,3,235,11,14,37,244,98,1,1,1,0,0,1,88,172,29,0.0197695,0
0,0,0,0,3,5,3,246,25,16,41,244,98,1,0,0,1,0,0,67,170,23,0.0185264,0
0,0,0,0,3,5,3,118,13,18,50,244,98,1,0,1,1,0,0,98,178,31,0.0177387,0
0,0,0,1,3,6,3,179,51,18,38,244,98,0,0,0,1,0,0,89,170,31,0.13294,0
0,0,0,1,3,6,3,289,36,13,33,244,98,0,0,2,1,0,1,90,172,30,0.479996,0
0,1,1,0,3,2,3,260,50,11,36,244,98,0,0,4,1,0,0,65,168,23,0.95139,1
0,0,0,1,3,3,3,246,25,16,41,244,98,0,0,0,1,0,0,67,170,23,0.232519,0
0,0,0,1,4,4,3,179,51,18,38,239,98,0,0,0,1,0,0,89,170,31,0.17386,0
0,0,0,1,4,6,3,260,50,11,36,239,98,0,0,4,1,0,0,65,168,23,0.601475,1
0,0,0,1,4,6,3,330,16,4,28,239,98,0,1,0,0,0,0,84,182,25,0.430318,0
0,0,0,1,4,2,3,369,17,12,31,239,98,0,0,3,1,0,0,70,169,25,0.808212,1
0,0,0,1,4,2,3,248,25,14,47,239,98,0,0,2,0,0,1,86,165,32,0.380161,0
0,0,0,1,4,4,3,330,16,4,28,239,98,0,1,0,0,0,0,84,182,25,0.490947,0
0,0,0,1,4,4,3,179,51,18,38,239,98,0,0,0,1,0,0,89,170,31,0.17386,0
0,0,0,1,4,2,3,118,13,18,50,239,98,0,0,1,1,0,0,98,178,31,0.260406,0
1,0,0,0,4,4,3,118,13,18,50,239,98,0,0,1,1,0,0,98,178,31,0.64781,1
0,0,0,1,4,6,3,300,26,13,43,239,98,0,0,2,1,1,1,77,175,25,0.576468,1
0,0,0,1,4,6,3,260,50,11,36,239,98,0,0,4,1,0,0,65,168,23,0.601475,1
0,0,0,1,4,2,3,179,51,18,38,239,98,0,0,0,1,0,0,89,170,31,0.21179,0
1,0,0,0,4,4,3,118,10,10,37,239,98,0,0,0,0,0,0,83,172,28,0.460304,0
1,0,0,0,5,2,3,235,20,13,43,246,99,0,0,1,1,0,0,106,167,38,0.91677,1
0,0,0,1,5,4,3,248,25,14,47,246,99,0,0,2,0,0,1,86,165,32,0.3441,0
1,0,0,0,5,2,3,369,17,12,31,246,99,0,0,3,1,0,0,70,169,25,0.968452,1
0,0,0,1,5,4,3,179,26,9,30,246,99,0,1,0,0,0,0,56,171,19,0.111601,0
0,0,0,1,5,4,3,179,51,18,38,246,99,0,0,0,1,0,0,89,170,31,0.186884,0
0,0,0,1,5,5,3,361,52,3,28,246,99,0,0,1,1,0,4,80,172,27,0.501931,1
0,0,0,1,5,6,3,260,50,11,36,246,99,0,0,4,1,0,0,65,168,23,0.622399,1
1,0,0,0,5,2,3,179,22,17,40,246,99,0,1,2,0,1,0,63,170,22,0.713368,1
1,0,0,0,5,2,3,179,22,17,40,246,99,0,1,2,0,1,0,63,170,22,0.713368,1
0,1,1,0,5,4,3,228,14,16,58,246,99,0,0,2,0,0,1,65,172,22,0.692303,1
0,0,0,1,5,4,3,225,26,9,28,246,99,0,0,1,0,0,2,69,169,24,0.167477,0
1,0,0,0,5,6,3,330,16,4,28,246,99,0,1,0,0,0,0,84,182,25,0.846213,1
0,0,0,1,5,2,3,179,26,9,30,246,99,0,1,0,0,0,0,56,171,19,0.13822,0
0,0,0,1,5,2,3,118,10,10,37,246,99,0,0,0,0,0,0,83,172,28,0.151321,0
1,0,0,0,5,2,3,235,11,14,37,246,99,0,1,1,0,0,1,88,172,29,0.741227,1
0,0,0,1,5,4,3,179,26,9,30,246,99,0,1,0,0,0,0,56,171,19,0.111601,0
0,0,0,1,6,2,3,118,10,10,37,254,95,0,0,0,0,0,0,83,172,28,0.160553,0
0,0,0,1,6,2,3,179,51,18,38,254,95,0,0,0,1,0,0,89,170,31,0.239416,0
0,0,0,1,6,3,3,118,10,10,37,254,95,0,0,0,0,0,0,83,172,28,0.144762,0
0,0,0,1,6,5,3,225,26,9,28,254,95,0,0,1,0,0,2,69,169,24,0.160351,0
0,0,0,1,6,6,3,260,50,11,36,254,95,0,0,4,1,0,0,65,168,23,0.638741,1
0,0,0,0,6,6,3,179,51,18,38,254,95,1,0,0,1,0,0,89,170,31,0.0151283,0
1,0,0,0,6,2,3,291,31,12,40,254,95,0,0,1,1,0,1,73,171,25,0.8721,1
0,0,0,1,6,2,3,179,51,18,38,254,95,0,0,0,1,0,0,89,170,31,0.239416,0
0,0,0,1,6,3,3,246,25,16,41,254,95,0,0,0,1,0,0,67,170,23,0.276179,0
0,0,0,1,6,2,3,179,51,18,38,254,95,0,0,0,1,0,0,89,170,31,0.239416,0
0,0,0,1,6,3,3,235,20,13,43,254,95,0,0,1,1,0,0,106,167,38,0.610546,1
0,0,0,1,6,2,1,179,51,18,38,254,95,0,0,0,1,0,0,89,170,31,0.359728,0
0,0,0,1,6,4,1,225,26,9,28,254,95,0,0,1,0,0,2,69,169,24,0.278058,0
0,0,0,1,6,4,1,118,13,18,50,254,95,0,0,1,1,0,0,98,178,31,0.365732,0
1,0,0,0,6,4,1,179,51,18,38,254,95,0,0,0,1,0,0,89,170,31,0.745877,1
0,1,1,0,6,4,1,179,26,9,30,254,95,0,1,0,0,0,0,56,171,19,0.672862,1
0,0,0,1,6,6,1,246,25,16,41,254,95,0,0,0,1,0,0,67,170,23,0.320677,0
1,0,0,0,6,3,1,330,16,4,28,254,95,0,1,0,0,0,0,84,182,25,0.938267,1
1,0,0,0,6,3,1,235,11,14,37,254,95,0,1,1,0,0,1,88,172,29,0.82916,1
0,0,0,1,7,5,1,179,26,9,30,230,92,0,1,0,0,0,0,56,171,19,0.18161,0
0,0,0,1,7,5,1,225,26,9,28,230,92,0,0,1,0,0,2,69,169,24,0.262194,0
1,0,0,0,7,6,1,260,50,11,36,230,92,0,0,4,1,0,0,65,168,23,0.956418,1
1,0,0,0,7,2,1,268,11,8,33,230,92,0,1,0,0,0,0,79,178,25,0.885236,1
0,0,0,1,7,6,1,330,16,4,28,230,92,0,1,0,0,0,0,84,182,25,0.622168,1
0,0,0,1,7,6,1,118,10,10,37,230,92,0,0,0,0,0,0,83,172,28,0.1792,0
0,0,0,1,7,2,1,260,50,11,36,230,92,0,0,4,1,0,0,65,168,23,0.842852,1
0,0,0,1,7,3,1,118,10,10,37,230,92,0,0,0,0,0,0,83,172,28,0.239529,0
0,0,0,0,7,2,1,300,26,13,43,230,92,0,0,2,1,1,1,77,175,25,0.847807,1
0,0,0,1,7,2,1,235,29,12,48,230,92,0,0,1,0,1,5,88,163,33,0.349535,0
0,0,0,1,7,3,1,246,25,16,41,230,92,0,0,0,1,0,0,67,170,23,0.41521,0
1,0,0,0,7,3,1,225,26,9,28,230,92,0,0,1,0,0,2,69,169,24,0.751638,1
0,0,0,1,7,3,1,179,51,18,38,230,92,0,0,0,1,0,0,89,170,31,0.341407,0
0,0,0,1,7,6,1,118,13,18,50,230,92,0,0,1,1,0,0,98,178,31,0.320119,0
0,0,0,1,7,6,1,361,52,3,28,230,92,0,0,1,1,0,4,80,172,27,0.640317,1
0,0,0,1,7,2,1,289,36,13,33,230,92,0,0,2,1,0,1,90,172,30,0.779076,1
0,0,0,1,7,2,1,235,20,13,43,230,92,0,0,1,1,0,0,106,167,38,0.767242,1
0,0,0,1,7,3,1,246,25,16,41,230,92,0,0,0,1,0,0,67,170,23,0.41521,0
0,0,0,1,7,5,1,291,31,12,40,230,92,0,0,1,1,0,1,73,171,25,0.568699,1
0,0,0,1,7,5,1,279,5,14,39,230,92,0,0,2,1,1,0,68,168,24,0.757093,1
0,0,0,1,8,5,1,179,51,18,38,250,93,0,0,0,1,0,0,89,170,31,0.310007,0
0,0,0,1,8,2,1,179,22,17,40,250,93,0,1,2,0,1,0,63,170,22,0.451809,0
0,0,0,1,8,3,1,246,25,16,41,250,93,0,0,0,1,0,0,67,170,23,0.439994,0
0,0,0,1,8,3,1,118,10,10,37,250,93,0,0,0,0,0,0,83,172,28,0.258461,0
0,0,0,1,8,3,1,289,36,13,33,250,93,0,0,2,1,0,1,90,172,30,0.77546,1
0,0,0,1,8,3,1,235,20,13,43,250,93,0,0,1,1,0,0,106,167,38,0.763491,1
0,0,0,1,8,5,1,291,31,12,40,250,93,0,0,1,1,0,1,73,171,25,0.593349,1
0,0,0,1,8,2,1,179,51,18,38,250,93,0,0,0,1,0,0,89,170,31,0.393272,0
0,0,0,1,8,3,1,179,22,17,40,250,93,0,1,2,0,1,0,63,170,22,0.421765,0
0,0,0,1,8,5,1,330,16,4,28,250,93,0,1,0,0,0,0,84,182,25,0.673094,1
0,0,0,1,8,3,1,235,11,14,37,250,93,0,1,1,0,0,1,88,172,29,0.456368,0
0,0,0,1,8,3,1,246,25,16,41,250,93,0,0,0,1,0,0,67,170,23,0.439994,0
0,0,0,1,8,3,1,118,10,10,37,250,93,0,0,0,0,0,0,83,172,28,0.258461,0
0,0,0,1,8,5,1,291,31,12,40,250,93,0,0,1,1,0,1,73,171,25,0.593349,1
0,0,0,1,8,2,1,260,50,11,36,250,93,0,0,4,1,0,0,65,168,23,0.855806,1
0,0,0,1,9,3,1,246,25,16,41,262,87,0,0,0,1,0,0,67,170,23,0.456476,0
0,0,0,1,9,3,1,246,25,16,41,262,87,0,0,0,1,0,0,67,170,23,0.456476,0
0,0,0,1,9,3,1,118,10,10,37,262,87,0,0,0,0,0,0,83,172,28,0.271439,0
0,0,0,1,9,3,1,155,12,14,34,262,87,0,0,2,1,0,0,95,196,25,0.607163,1
0,0,0,1,9,5,1,291,31,12,40,262,87,0,0,1,1,0,1,73,171,25,0.609325,1
0,0,0,1,9,6,1,179,26,9,30,262,87,0,1,0,0,0,0,56,171,19,0.188511,0
0,0,0,1,9,6,1,248,25,14,47,262,87,0,0,2,0,0,1,86,165,32,0.492426,0
0,0,0,1,9,2,1,179,51,18,38,262,87,0,0,0,1,0,0,89,170,31,0.409284,0
0,0,0,1,9,4,1,225,26,9,28,262,87,0,0,1,0,0,2,69,169,24,0.322022,0
0,0,0,1,9,2,1,179,26,9,30,262,87,0,1,0,0,0,0,56,171,19,0.274674,0
0,0,0,1,9,3,4,369,17,12,31,262,87,0,0,3,1,0,0,70,169,25,0.80131,1
0,0,0,1,9,3,4,361,52,3,28,262,87,0,0,1,1,0,4,80,172,27,0.560249,1
1,0,0,0,10,5,4,289,48,29,49,285,91,0,0,0,0,0,2,108,172,36,0.446465,0
1,0,0,0,10,5,4,235,16,8,32,285,91,0,1,0,0,0,0,75,178,25,0.66148,1
0,0,0,1,10,6,4,246,25,16,41,285,91,0,0,0,1,0,0,67,170,23,0.21525,0
1,0,0,0,10,4,4,289,48,29,49,285,91,0,0,0,0,0,2,108,172,36,0.476818,0
0,0,0,1,10,4,4,291,31,12,40,285,91,0,0,1,1,0,1,73,171,25,0.453665,0
0,0,0,1,10,3,4,118,10,10,37,285,91,0,0,0,0,0,0,83,172,28,0.149332,0
0,0,0,1,10,5,4,289,48,29,49,285,91,0,0,0,0,0,2,108,172,36,0.107879,0
0,0,0,1,10,6,4,291,31,12,40,285,91,0,0,1,1,0,1,73,171,25,0.394076,0
0,0,0,1,10,3,4,225,26,9,28,285,91,0,0,1,0,0,2,69,169,24,0.201838,0
0,0,0,1,10,3,4,369,17,12,31,285,91,0,0,3,1,0,0,70,169,25,0.819207,1
0,0,0,1,10,3,4,369,17,12,31,285,91,0,0,3,1,0,0,70,169,25,0.819207,1
0,0,0,1,10,3,4,225,26,9,28,285,91,0,0,1,0,0,2,69,169,24,0.201838,0
0,0,0,1,10,3,4,369,17,12,31,285,91,0,0,3,1,0,0,70,169,25,0.819207,1
0,0,0,1,10,4,4,179,51,18,38,285,91,0,0,0,1,0,0,89,170,31,0.203626,0
1,0,0,0,10,4,4,228,14,16,58,285,91,0,0,2,0,0,1,65,172,22,0.661275,1
0,0,0,1,10,4,4,291,31,12,40,285,91,0,0,1,1,0,1,73,171,25,0.453665,0
1,0,0,0,10,5,4,369,17,12,31,285,91,0,0,3,1,0,0,70,169,25,0.959467,1
1,0,0,0,10,5,4,225,26,9,28,285,91,0,0,1,0,0,2,69,169,24,0.569164,1
1,0,0,0,10,6,4,369,17,12,31,285,91,0,0,3,1,0,0,70,169,25,0.95444,1
1,0,0,0,10,6,4,225,26,9,28,285,91,0,0,1,0,0,2,69,169,24,0.538989,1
0,0,0,1,10,2,4,189,29,13,33,285,91,0,0,2,0,0,2,69,167,25,0.193157,0
1,0,0,0,10,2,4,235,16,8,32,285,91,0,1,0,0,0,0,75,178,25,0.738156,1
1,0,0,0,10,2,4,248,25,14,47,285,91,0,0,2,0,0,1,86,165,32,0.832505,1
0,0,0,0,10,2,4,225,26,9,28,285,91,1,0,1,0,0,2,69,169,24,0.0222251,0
1,0,0,0,10,3,4,225,26,9,28,285,91,0,0,1,0,0,2,69,169,24,0.627798,1
0,1,1,0,11,3,4,179,51,18,38,269,93,0,0,0,1,0,0,89,170,31,0.725706,1
0,0,0,1,11,4,4,118,10,10,37,269,93,0,0,0,0,0,0,83,172,28,0.142631,0
1,0,0,0,11,4,4,330,16,4,28,269,93,0,1,0,0,0,0,84,182,25,0.893266,1
0,0,0,1,11,6,4,179,51,18,38,269,93,0,0,0,1,0,0,89,170,31,0.176577,0
1,0,0,0,11,3,4,118,10,10,37,269,93,0,0,0,0,0,0,83,172,28,0.556306,1
0,0,0,1,11,4,4,289,36,13,33,269,93,0,0,2,1,0,1,90,172,30,0.622406,1
1,0,0,0,11,6,4,235,16,8,32,269,93,0,1,0,0,0,0,75,178,25,0.64934,1
0,0,0,1,11,6,4,225,26,9,28,269,93,0,0,1,0,0,2,69,169,24,0.158032,0
0,0,0,1,11,3,4,361,52,3,28,269,93,0,0,1,1,0,4,80,172,27,0.605174,1
0,0,0,1,11,4,4,291,31,12,40,269,93,0,0,1,1,0,1,73,171,25,0.470668,0
1,0,0,0,11,5,4,118,10,10,37,269,93,0,0,0,0,0,0,83,172,28,0.495462,0
1,0,0,0,11,5,4,225,26,9,28,269,93,0,0,1,0,0,2,69,169,24,0.585854,1
0,0,0,1,11,2,4,179,51,18,38,269,93,0,0,0,1,0,0,89,170,31,0.259026,0
0,0,0,1,11,2,4,118,10,10,37,269,93,0,0,0,0,0,0,83,172,28,0.175192,0
1,0,0,0,11,3,4,118,10,10,37,269,93,0,0,0,0,0,0,83,172,28,0.556306,1
0,0,0,1,11,3,4,225,26,9,28,269,93,0,0,1,0,0,2,69,169,24,0.213084,0
0,0,0,0,11,3,4,291,31,12,40,269,93,1,0,1,1,0,1,73,171,25,0.0740092,0
0,0,0,0,11,4,4,289,36,13,33,269,93,1,0,2,1,0,1,90,172,30,0.115924,0
1,0,0,0,11,5,4,248,25,14,47,269,93,0,0,2,0,0,1,86,165,32,0.786741,1
0,0,0,0,11,5,4,235,20,13,43,269,93,1,0,1,1,0,0,106,167,38,0.0978572,0
0,0,0,1,11,6,4,225,26,9,28,269,93,0,0,1,0,0,2,69,169,24,0.158032,0
0,0,0,1,11,6,4,369,17,12,31,269,93,0,0,3,1,0,0,70,169,25,0.77081,1
0,0,0,1,11,2,4,361,52,3,28,269,93,0,0,1,1,0,4,80,172,27,0.63396,1
1,0,0,0,12,3,4,179,51,18,38,281,98,0,0,0,1,0,0,89,170,31,0.697077,1
0,0,0,1,12,4,4,291,31,12,40,281,98,0,0,1,1,0,1,73,171,25,0.497883,0
0,0,0,1,12,4,4,225,26,9,28,281,98,0,0,1,0,0,2,69,169,24,0.210883,0
1,0,0,0,12,6,4,179,26,9,30,281,98,0,1,0,0,0,0,56,171,19,0.465753,0
0,0,0,1,12,6,4,225,26,9,28,281,98,0,0,1,0,0,2,69,169,24,0.173081,0
0,0,0,1,12,4,4,225,26,9,28,281,98,0,0,1,0,0,2,69,169,24,0.210883,0
1,0,0,0,12,5,4,361,52,3,28,281,98,0,0,1,1,0,4,80,172,27,0.899289,1
0,1,1,0,12,6,4,179,22,17,40,281,98,0,1,2,0,1,0,63,170,22,0.72225,1
0,0,0,1,12,6,4,235,20,13,43,281,98,0,0,1,1,0,0,106,167,38,0.573695,1
0,1,1,0,12,2,4,233,51,1,31,281,98,0,1,1,1,0,8,68,178,21,0.644834,1
1,0,0,0,12,3,4,179,26,9,30,281,98,0,1,0,0,0,0,56,171,19,0.557077,1
0,0,0,1,12,3,4,225,26,9,28,281,98,0,0,1,0,0,2,69,169,24,0.231931,0
0,0,0,1,12,5,4,225,26,9,28,281,98,0,0,1,0,0,2,69,169,24,0.19127,0
0,0,0,1,12,2,4,225,26,9,28,281,98,0,0,1,0,0,2,69,169,24,0.254402,0
0,1,1,0,12,3,2,155,12,14,34,281,98,0,0,2,1,0,0,95,196,25,0.929941,1
1,0,0,0,1,2,2,179,26,9,30,314,96,0,1,0,0,0,0,56,171,19,0.526197,1
1,0,0,0,1,5,2,179,26,9,30,314,96,0,1,0,0,0,0,56,171,19,0.434964,0
0,0,0,1,1,5,2,179,22,17,40,314,96,0,1,2,0,1,0,63,170,22,0.211664,0
0,0,0,1,1,6,2,179,22,17,40,314,96,0,1,2,0,1,0,63,170,22,0.191996,0
1,0,0,0,1,2,2,179,26,9,30,314,96,0,1,0,0,0,0,56,171,19,0.526197,1
0,0,0,1,1,4,2,179,22,17,40,314,96,0,1,2,0,1,0,63,170,22,0.232766,0
1,0,0,0,1,5,2,289,48,29,49,314,96,0,0,0,0,0,2,108,172,36,0.429437,0
0,1,1,0,1,6,2,179,22,17,40,314,96,0,1,2,0,1,0,63,170,22,0.670192,1
0,0,0,1,1,2,2,179,26,9,30,314,96,0,1,0,0,0,0,56,171,19,0.142737,0
0,1,1,0,1,3,2,155,12,14,34,314,96,0,0,2,1,0,0,95,196,25,0.853191,1
0,0,0,1,1,4,2,179,26,9,30,314,96,0,1,0,0,0,0,56,171,19,0.115364,0
0,0,0,1,1,4,2,179,51,18,38,314,96,0,0,0,1,0,0,89,170,31,0.192636,0
1,0,0,0,1,4,2,289,36,13,33,314,96,0,0,2,1,0,1,90,172,30,0.905493,1
0,0,0,1,1,5,2,179,51,18,38,314,96,0,0,0,1,0,0,89,170,31,0.174345,0
0,0,0,1,1,6,2,179,51,18,38,314,96,0,0,0,1,0,0,89,170,31,0.157452,0
1,0,0,0,2,3,2,179,51,18,38,264,97,0,0,0,1,0,0,89,170,31,0.649682,1
0,0,0,1,2,3,2,225,26,9,28,264,97,0,0,1,0,0,2,69,169,24,0.195727,0
1,0,0,0,2,4,2,248,25,14,47,264,97,0,0,2,0,0,1,86,165,32,0.789312,1
0,0,0,1,2,4,2,179,51,18,38,264,97,0,0,0,1,0,0,89,170,31,0.197474,0
0,0,0,1,2,5,2,225,26,9,28,264,97,0,0,1,0,0,2,69,169,24,0.160091,0
0,0,0,1,2,5,2,179,51,18,38,264,97,0,0,0,1,0,0,89,170,31,0.178826,0
0,0,0,1,2,5,2,179,26,9,30,264,97,0,1,0,0,0,0,56,171,19,0.106364,0
0,0,0,1,2,6,2,225,15,15,41,264,97,0,1,2,1,0,2,94,182,28,0.350558,0
0,0,0,1,2,6,2,179,51,18,38,264,97,0,0,0,1,0,0,89,170,31,0.161583,0
0,1,1,0,2,2,2,233,51,1,31,264,97,0,1,1,1,0,8,68,178,21,0.594026,1
0,0,0,1,2,2,2,179,51,18,38,264,97,0,0,0,1,0,0,89,170,31,0.239064,0
1,0,0,0,2,3,2,225,26,9,28,264,97,0,0,1,0,0,2,69,169,24,0.618789,1
0,0,0,1,2,4,2,179,51,18,38,264,97,0,0,0,1,0,0,89,170,31,0.197474,0
0,0,0,1,2,5,2,179,51,18,38,264,97,0,0,0,1,0,0,89,170,31,0.178826,0
0,0,0,1,2,5,2,225,26,9,28,264,97,0,0,1,0,0,2,69,169,24,0.160091,0
1,0,0,0,2,5,2,179,26,9,30,264,97,0,1,0,0,0,0,56,171,19,0.442553,0
0,0,0,1,2,6,2,179,22,17,40,264,97,0,1,2,0,1,0,63,170,22,0.196822,0
0,0,0,1,2,6,2,179,51,18,38,264,97,0,0,0,1,0,0,89,170,31,0.161583,0
1,0,0,0,2,4,2,233,51,1,31,264,97,0,1,1,1,0,8,68,178,21,0.471972,0
0,0,0,1,2,4,2,179,26,9,30,264,97,0,1,0,0,0,0,56,171,19,0.118547,0
0,0,0,1,2,4,2,179,51,18,38,264,97,0,0,0,1,0,0,89,170,31,0.197474,0
1,0,0,0,2,5,2,179,51,18,38,264,97,0,0,0,1,0,0,89,170,31,0.592257,1
0,0,0,1,2,6,2,179,51,18,38,264,97,0,0,0,1,0,0,89,170,31,0.161583,0
0,0,0,1,2,2,2,155,12,14,34,264,97,0,0,2,1,0,0,95,196,25,0.441935,0
0,0,0,1,2,2,2,235,16,8,32,264,97,0,1,0,0,0,0,75,178,25,0.289135,0
0,0,0,1,2,2,2,179,51,18,38,264,97,0,0,0,1,0,0,89,170,31,0.239064,0
1,0,0,0,2,2,2,225,26,9,28,264,97,0,0,1,0,0,2,69,169,24,0.64716,1
0,0,0,1,2,3,2,179,51,18,38,264,97,0,0,0,1,0,0,89,170,31,0.217553,0
0,0,0,1,2,3,2,248,25,14,47,264,97,0,0,2,0,0,1,86,165,32,0.388249,0
0,0,0,1,2,3,2,225,26,9,28,264,97,0,0,1,0,0,2,69,169,24,0.195727,0
0,0,0,1,2,4,2,179,51,18,38,264,97,0,0,0,1,0,0,89,170,31,0.197474,0
0,0,0,1,2,5,2,179,51,18,38,264,97,0,0,0,1,0,0,89,170,31,0.178826,0
0,0,0,1,2,6,2,235,16,8,32,264,97,0,1,0,0,0,0,75,178,25,0.199684,0
0,0,0,1,3,2,2,179,51,18,38,222,99,0,0,0,1,0,0,89,170,31,0.246801,0
0,0,0,1,3,2,2,248,25,14,47,222,99,0,0,2,0,0,1,86,165,32,0.427896,0
0,0,0,1,3,3,2,228,14,16,58,222,99,0,0,2,0,0,1,65,172,22,0.249219,0
0,0,0,1,3,3,2,248,25,14,47,222,99,0,0,2,0,0,1,86,165,32,0.398286,0
1,0,0,0,3,3,2,228,14,16,58,222,99,0,0,2,0,0,1,65,172,22,0.688871,1
0,0,0,1,3,4,2,179,51,18,38,222,99,0,0,0,1,0,0,89,170,31,0.204226,0
0,0,0,1,3,5,2,225,26,9,28,222,99,0,0,1,0,0,2,69,169,24,0.165828,0
0,0,0,1,3,5,2,179,51,18,38,222,99,0,0,0,1,0,0,89,170,31,0.185087,0
0,0,0,1,3,5,2,225,26,9,28,222,99,0,0,1,0,0,2,69,169,24,0.165828,0
0,0,0,1,3,6,2,179,26,9,30,222,99,0,1,0,0,0,0,56,171,19,0.0989865,0
0,0,0,1,3,2,2,235,16,8,32,222,99,0,1,0,0,0,0,75,178,25,0.297857,0
0,1,1,0,3,2,2,361,52,3,28,222,99,0,0,1,1,0,4,80,172,27,0.93281,1
1,0,0,0,3,3,2,179,51,18,38,222,99,0,0,0,1,0,0,89,170,31,0.659195,1
0,0,0,1,3,4,2,179,51,18,38,222,99,0,0,0,1,0,0,89,170,31,0.204226,0
0,0,0,1,3,5,2,179,51,18,38,222,99,0,0,0,1,0,0,89,170,31,0.185087,0
0,0,0,1,3,6,2,179,26,9,30,222,99,0,1,0,0,0,0,56,171,19,0.0989865,0
1,0,0,0,3,2,2,179,51,18,38,222,99,0,0,0,1,0,0,89,170,31,0.686085,1
1,0,0,0,3,2,2,248,25,14,47,222,99,0,0,2,0,0,1,86,165,32,0.83302,1
0,0,0,1,3,2,2,179,51,18,38,222,99,0,0,0,1,0,0,89,170,31,0.246801,0
1,0,0,0,3,2,2,225,26,9,28,222,99,0,0,1,0,0,2,69,169,24,0.656705,1
0,0,0,1,3,3,2,179,51,18,38,222,99,0,0,0,1,0,0,89,170,31,0.224798,0
0,0,0,1,3,4,2,289,36,13,33,222,99,0,0,2,1,0,1,90,172,30,0.607081,1
0,0,0,1,3,4,2,228,14,16,58,222,99,0,0,2,0,0,1,65,172,22,0.227067,0
0,0,0,1,3,4,2,179,51,18,38,222,99,0,0,0,1,0,0,89,170,31,0.204226,0
0,0,0,1,3,5,2,248,25,14,47,222,99,0,0,2,0,0,1,86,165,32,0.341425,0
0,0,0,1,3,5,2,179,51,18,38,222,99,0,0,0,1,0,0,89,170,31,0.185087,0
0,0,0,1,3,6,2,179,26,9,30,222,99,0,1,0,0,0,0,56,171,19,0.0989865,0
0,0,0,1,3,6,2,179,51,18,38,222,99,0,0,0,1,0,0,89,170,31,0.167364,0
0,0,0,1,3,3,3,179,51,18,38,222,99,0,0,0,1,0,0,89,170,31,0.178347,0
0,0,0,1,3,4,3,118,15,24,46,222,99,0,0,2,1,1,0,75,175,25,0.174558,0
1,0,0,0,3,4,3,155,12,14,34,222,99,0,0,2,1,0,0,95,196,25,0.763573,1
0,0,0,1,3,4,3,179,51,18,38,222,99,0,0,0,1,0,0,89,170,31,0.161142,0
0,0,0,1,3,5,3,179,51,18,38,222,99,0,0,0,1,0,0,89,170,31,0.145303,0
1,0,0,0,3,2,3,179,26,9,30,222,99,0,1,0,0,0,0,56,171,19,0.472054,0
0,1,1,0,3,2,3,289,36,13,33,222,99,0,0,2,1,0,1,90,172,30,0.926619,1
0,0,0,1,3,4,3,369,17,12,31,222,99,0,0,3,1,0,0,70,169,25,0.750793,1
1,0,0,0,4,2,3,225,26,9,28,246,91,0,0,1,0,0,2,69,169,24,0.605962,1
1,0,0,0,4,2,3,118,10,10,37,246,91,0,0,0,0,0,0,83,172,28,0.516335,1
0,1,1,0,4,3,3,361,52,3,28,246,91,0,0,1,1,0,4,80,172,27,0.908065,1
0,1,1,0,4,4,3,248,25,14,47,246,91,0,0,2,0,0,1,86,165,32,0.801086,1
1,0,0,0,4,5,3,189,29,13,33,246,91,0,0,2,0,0,2,69,167,25,0.471759,0
0,0,0,1,4,6,3,179,26,9,30,246,91,0,1,0,0,0,0,56,171,19,0.0811508,0
1,0,0,0,4,2,3,369,17,12,31,246,91,0,0,3,1,0,0,70,169,25,0.964981,1
0,0,0,0,4,3,3,179,22,17,40,246,91,0,1,2,0,1,0,63,170,22,0.254499,0
0,0,0,1,4,3,3,118,13,18,50,246,91,0,0,1,1,0,0,98,178,31,0.233996,0
0,0,0,1,4,3,3,361,52,3,28,246,91,0,0,1,1,0,4,80,172,27,0.535958,1
1,0,0,0,4,4,3,118,10,10,37,246,91,0,0,0,0,0,0,83,172,28,0.455376,0
0,0,0,1,4,6,3,235,11,14,37,246,91,0,1,1,0,0,1,88,172,29,0.191247,0
0,0,0,1,4,6,3,179,26,9,30,246,91,0,1,0,0,0,0,56,171,19,0.0811508,0
0,1,1,0,4,2,3,225,26,9,28,246,91,0,0,1,0,0,2,69,169,24,0.663492,1
0,0,0,0,4,3,3,235,16,8,32,246,91,0,1,0,0,0,0,75,178,25,0.257931,0
0,0,0,1,4,6,3,179,26,9,30,246,91,0,1,0,0,0,0,56,171,19,0.0811508,0
0,0,0,1,4,3,3,155,12,14,34,246,91,0,0,2,1,0,0,95,196,25,0.370122,0
0,1,1,0,4,5,3,225,26,9,28,246,91,0,0,1,0,0,2,69,169,24,0.577468,1
1,0,0,0,4,5,3,118,13,18,50,246,91,0,0,1,1,0,0,98,178,31,0.614769,1
0,0,0,1,4,6,3,179,26,9,30,246,91,0,1,0,0,0,0,56,171,19,0.0811508,0
0,0,0,1,5,2,3,235,11,14,37,238,99,0,1,1,0,0,1,88,172,29,0.298617,0
0,1,1,0,5,4,3,225,15,15,41,238,99,0,1,2,1,0,2,94,182,28,0.845149,1
0,0,0,1,5,4,3,235,16,8,32,238,99,0,1,0,0,0,0,75,178,25,0.227799,0
1,0,0,0,5,4,3,118,10,10,37,238,99,0,0,0,0,0,0,83,172,28,0.480106,0
0,0,0,1,5,4,3,235,20,13,43,238,99,0,0,1,1,0,0,106,167,38,0.561846,1
1,0,0,0,5,5,3,179,26,9,30,238,99,0,1,0,0,0,0,56,171,19,0.423686,0
0,0,0,1,5,5,3,291,31,12,40,238,99,0,0,1,1,0,1,73,171,25,0.395736,0
1,0,0,0,5,5,3,225,15,15,41,238,99,0,1,2,1,0,2,94,182,28,0.790237,1
0,1,1,0,5,6,3,300,26,13,43,238,99,0,0,2,1,1,1,77,175,25,0.926488,1
0,0,0,1,5,6,3,225,15,15,41,238,99,0,1,2,1,0,2,94,182,28,0.333269,0
0,0,0,1,5,6,3,179,26,9,30,238,99,0,1,0,0,0,0,56,171,19,0.0888745,0
0,0,0,1,5,2,3,118,13,18,50,238,99,0,0,1,1,0,0,98,178,31,0.276007,0
1,0,0,0,5,3,3,118,13,18,50,238,99,0,0,1,1,0,0,98,178,31,0.692344,1
0,0,0,1,5,3,3,118,10,10,37,238,99,0,0,0,0,0,0,83,172,28,0.135278,0
0,0,0,0,5,3,3,118,13,18,50,238,99,1,0,1,1,0,0,98,178,31,0.0261373,0
0,0,0,1,5,4,3,179,26,9,30,238,99,0,1,0,0,0,0,56,171,19,0.110749,0
0,0,0,0,5,4,3,378,49,11,36,238,99,1,0,2,0,1,4,65,174,21,0.0501227,0
0,0,0,0,5,6,3,179,22,17,40,238,99,0,1,2,0,1,0,63,170,22,0.207196,0
1,0,0,0,5,2,3,155,12,14,34,238,99,0,0,2,1,0,0,95,196,25,0.830258,1
1,0,0,0,5,2,3,235,16,8,32,238,99,0,1,0,0,0,0,75,178,25,0.715283,1
0,0,0,1,5,4,3,291,31,12,40,238,99,0,0,1,1,0,1,73,171,25,0.42529,0
1,0,0,0,5,4,3,179,22,17,40,238,99,0,1,2,0,1,0,63,170,22,0.658999,1
1,0,0,0,5,4,3,225,26,9,28,238,99,0,0,1,0,0,2,69,169,24,0.570867,1
1,0,0,0,5,5,3,330,16,4,28,238,99,0,1,0,0,0,0,84,182,25,0.860416,1
0,0,0,1,5,5,3,235,16,8,32,238,99,0,1,0,0,0,0,75,178,25,0.207025,0
0,0,0,1,5,5,3,291,31,12,40,238,99,0,0,1,1,0,1,73,171,25,0.395736,0
0,0,0,1,5,6,3,179,26,9,30,238,99,0,1,0,0,0,0,56,171,19,0.0888745,0
1,0,0,0,5,2,3,361,52,3,28,238,99,0,0,1,1,0,4,80,172,27,0.905786,1
0,0,0,1,5,4,3,155,12,14,34,238,99,0,0,2,1,0,0,95,196,25,0.36482,0
0,0,0,1,5,6,3,179,22,17,40,238,99,0,1,2,0,1,0,63,170,22,0.184955,0
1,0,0,0,5,6,3,155,12,14,34,238,99,0,0,2,1,0,0,95,196,25,0.750032,1
1,0,0,0,5,2,3,225,26,9,28,238,99,0,0,1,0,0,2,69,169,24,0.62942,1
1,0,0,0,6,4,3,118,15,24,46,275,96,0,0,2,1,1,0,75,175,25,0.649989,1
0,0,0,1,6,4,3,179,26,9,30,275,96,0,1,0,0,0,0,56,171,19,0.121442,0
0,0,0,1,6,6,3,118,10,10,37,275,96,0,0,0,0,0,0,83,172,28,0.107426,0
1,0,0,0,6,4,3,118,10,10,37,275,96,0,0,0,0,0,0,83,172,28,0.506164,1
0,0,0,1,6,5,3,378,49,11,36,275,96,0,0,2,0,1,4,65,174,21,0.394515,0
0,1,1,0,6,5,3,118,13,18,50,275,96,0,0,1,1,0,0,98,178,31,0.714952,1
0,1,1,0,6,6,3,233,51,1,31,275,96,0,1,1,1,0,8,68,178,21,0.479856,0
0,0,0,1,6,6,3,179,26,9,30,275,96,0,1,0,0,0,0,56,171,19,0.097688,0
0,0,0,0,6,2,3,235,29,12,48,275,96,1,0,1,0,1,5,88,163,33,0.0230223,0
0,0,0,0,6,2,3,268,11,8,33,275,96,1,1,0,0,0,0,79,178,25,0.0482655,0
0,1,1,0,6,5,3,118,13,18,50,275,96,0,0,1,1,0,0,98,178,31,0.714952,1
1,0,0,0,6,5,3,179,26,9,30,275,96,0,1,0,0,0,0,56,171,19,0.449328,0
0,0,0,1,6,5,3,291,31,12,40,275,96,0,0,1,1,0,1,73,171,25,0.420922,0
1,0,0,0,6,2,1,179,26,9,30,275,96,0,1,0,0,0,0,56,171,19,0.677534,1
0,0,0,1,6,2,1,118,10,10,37,275,96,0,0,0,0,0,0,83,172,28,0.259361,0
0,0,0,1,6,5,1,233,51,1,31,275,96,0,1,1,1,0,8,68,178,21,0.178688,0
1,0,0,0,6,6,1,118,10,10,37,275,96,0,0,0,0,0,0,83,172,28,0.588957,1
1,0,0,0,6,4,1,118,10,10,37,275,96,0,0,0,0,0,0,83,172,28,0.64657,1
0,0,0,1,6,4,1,233,51,1,31,275,96,0,1,1,1,0,8,68,178,21,0.197325,0
0,0,0,1,7,4,1,235,20,13,43,265,93,0,0,1,1,0,0,106,167,38,0.728585,1
0,1,1,0,7,6,1,233,51,1,31,265,93,0,1,1,1,0,8,68,178,21,0.635041,1
1,0,0,0,7,2,1,228,14,16,58,265,93,0,0,2,0,0,1,65,172,22,0.823013,1
0,0,0,1,7,2,1,118,10,10,37,265,93,0,0,0,0,0,0,83,172,28,0.270102,0
1,0,0,0,7,3,1,228,14,16,58,265,93,0,0,2,0,0,1,65,172,22,0.804511,1
0,0,0,1,7,3,1,189,29,13,33,265,93,0,0,2,0,0,2,69,167,25,0.283287,0
0,0,0,1,7,4,1,118,10,10,37,265,93,0,0,0,0,0,0,83,172,28,0.224707,0
0,0,0,1,7,4,1,361,52,3,28,265,93,0,0,1,1,0,4,80,172,27,0.702675,1
0,0,0,1,7,4,1,225,26,9,28,265,93,0,0,1,0,0,2,69,169,24,0.29454,0
1,0,0,0,7,2,1,369,17,12,31,265,93,0,0,3,1,0,0,70,169,25,0.984547,1
1,0,0,0,7,3,1,289,36,13,33,265,93,0,0,2,1,0,1,90,172,30,0.955839,1
1,0,0,0,7,3,1,235,11,14,37,265,93,0,1,1,0,0,1,88,172,29,0.840287,1
0,0,0,0,0,3,1,118,14,13,40,271,95,0,0,1,1,0,8,98,170,34,0.071082,0
0,0,0,0,0,4,2,231,35,14,39,271,95,0,0,2,1,0,2,100,170,35,0.454084,0
0,0,0,0,0,6,3,179,45,14,53,271,95,0,0,1,0,0,1,77,175,25,0.089863,0
